Date,normalized_returns,vol_5,vol_10,vol_20,market_vola,regime_layer0,regime_layer1
2021-10-18,0.009605118822610087,-0.7655133315608312,-1.1335388524188208,-0.2810355648982617,-0.5507917948589851,0,0
2021-10-19,0.002585614759038869,-1.0614023110125523,-1.2725329858546426,-0.28087129152959583,-0.6601061217178534,0,0
2021-10-20,-0.0031328091958620807,-0.8225839406323951,-1.2917531226877308,-0.31375024838511534,-0.6977389507843773,0,0
2021-10-21,0.010369987898987658,-1.2799191558695007,-1.255789687415749,-0.28639539727028207,-0.7837567481351908,0,0
2021-10-22,-0.005630498643747174,-1.0613865193051817,-1.1746402545028747,-0.27261443126476487,-0.7084910900021432,0,0
2021-10-25,-0.0038059639741092996,-1.1531341069398426,-1.1563994900892138,-0.3906024089770514,-0.7425399296301355,0,0
2021-10-26,0.0059366606630426024,-1.0924880829838257,-1.2529589578364972,-1.0203629139404637,-0.6099290732632123,0,0
2021-10-27,0.04078281937065507,0.3948529591060662,-0.35003198341177544,-0.5132373651017944,-0.4307251578801793,1,0
2021-10-28,0.00317610290609635,0.4196584679179694,-0.4604813969428656,-0.5824466257679131,-0.5113667147199383,1,0
2021-10-29,0.0216976464658099,0.28765801424091014,-0.3325607615594421,-0.6197791250228961,-0.5597518539063996,1,0
2021-11-01,-0.00727639838977566,0.4007363962095908,-0.20642794521671587,-0.8555685772556082,-0.5328713349598132,1,0
2021-11-02,0.010882319844725341,0.35885157162742237,-0.20791131928849094,-0.9137231684965632,-0.6009686724114548,1,0
2021-11-03,0.002139608568028963,-0.6051553796153256,-0.2587350374086919,-0.9343024504911688,-0.7676283684063704,1,0
2021-11-04,0.006809788959683523,-0.6211858273298403,-0.26278818321018177,-0.9342614489022216,-0.7066991807339632,1,0
2021-11-05,-0.0015985570154338083,-1.0814783992913288,-0.31859629708064824,-0.9273188748958715,-0.5203271155716958,1,0
2021-11-08,0.002294780668220022,-1.3697388950524136,-0.387334673509569,-0.9539933468330063,-0.38771625920477254,1,0
2021-11-09,-0.0035595602863978276,-1.4738440308611,-0.3058879944109965,-0.9680437968483155,-0.2873618204911471,1,0
2021-11-10,-0.015917144808968203,-0.896925156363492,-0.9354354924867165,-0.784001120908439,-0.11711830595987159,0,0
2021-11-11,0.004446794254262599,-0.9722086933945604,-0.9313360524852446,-0.8953167668737908,-0.308866440731022,0,0
2021-11-12,0.012353800410928898,-0.6433473020390091,-1.2017259035430208,-0.8687217473990299,-0.5543756133953451,0,0
2021-11-15,-0.0024011660176654183,-0.650349873577915,-1.2646715760834315,-0.8616352896772598,-0.5185350354013443,0,0
2021-11-16,0.009715234030653538,-0.5432339359452873,-1.2870204005735904,-0.8499723558129038,-0.5400393138368762,0,0
2021-11-17,0.00021031536424020645,-1.1929596785810466,-1.2863568285531084,-0.8664395207044001,-0.40742845746995293,0,0
2021-11-18,0.005850822817500607,-1.1919294540445813,-1.2972095300439261,-0.8804423829479108,-0.32141066011913944,0,0
2021-11-19,0.004908490686349645,-1.3738951677065534,-1.2944789123840543,-0.9246185683141355,-0.26406546188526375,0,0
2021-11-22,-0.010074246961990862,-1.0147203621811858,-1.16326217265725,-0.8629534610315852,-0.03826848748612104,0,0
2021-11-23,-0.006815682939033878,-1.084992895588859,-1.1274542458357864,-0.8140596068876574,-0.00063582932176876,0,0
2021-11-24,0.0002125597203417697,-1.0849787911718205,-1.4409937773298906,-1.5014198543713255,-0.14399882490645793,0,0
2021-11-26,-0.02512592486123386,-0.5172172738119454,-0.8229547336795805,-1.1417225200832544,1.6552086496052778,3,0
2021-11-29,0.0203933577633012,0.12961632662424644,-0.6151129841249442,-1.1675518935772986,0.6409141740773155,3,1
2021-11-30,-0.01857408813842673,0.27422333399800636,-0.4091847976602474,-1.0303630530058683,1.3989469959188456,3,1
2021-12-01,-0.002012653318960261,0.283561444392472,-0.5081100951102007,-1.088771872280399,2.1032184380628602,3,1
2021-12-02,-0.0022574766354240498,0.26477253410005097,-0.5154978142599812,-1.0924004686627047,1.5351420126264719,3,1
2021-12-03,-0.020331574839309963,0.10660210581544756,-0.4254446059791816,-0.9692987223120468,2.022576539418758,3,1
2021-12-06,0.009328208629694414,-0.3925030757066661,-0.35254871227736795,-0.9125176230687903,1.3971549157484942,3,1
2021-12-07,0.025942960122200504,0.1828218092922885,0.12503806633679274,-0.6208428426598731,0.44916603930616517,3,1
2021-12-08,-0.00031941911900073064,0.17182594017490874,0.11176007752291615,-0.6241083556206488,0.0925502887104507,3,1
2021-12-09,-0.00606690008713815,0.2160795029486994,0.12049733176600287,-0.7051473974526686,0.39361292124264097,3,1
2021-12-10,0.027477254521566477,-0.05754226221388544,0.1448309923913489,-0.4422665525862121,-0.12428628483693455,3,1
2021-12-13,-0.009678177713466228,0.2918417043693669,0.034242361846414444,-0.45420411820692796,0.16602386667314678,3,1
2021-12-14,-0.03359827085313132,0.8006286241827358,0.41934173608812875,-0.09774001177986835,0.44916603930616517,2,1
2021-12-15,0.018566969449400804,1.10430045502836,0.5765078957628951,-0.013557978460973433,-0.016763867246246168,2,1
2021-12-16,-0.030036501082371662,1.543779565949137,0.9409653063772678,0.2175147233539947,0.21261692568925653,2,1
2021-12-17,-0.00386031925607387,0.7131213056936796,0.7933852422298026,0.1963406232188371,0.3918208410722895,2,1
2021-12-20,-0.01255482215758167,0.7092681975872233,0.7987270469314314,0.19922282134869815,0.6247861361528382,2,1
2021-12-21,0.02233821645107084,0.7979488154616806,0.7180043205762168,0.3660363355578157,0.29146674416300705,2,1
2021-12-22,0.01742782954583291,0.7659274449646013,0.8715186701802918,0.4572350400650947,-0.13503876585904348,2,1
2021-12-23,0.003992793461042239,-0.13794519704974734,0.8671031328753319,0.4634928299741786,-0.2551054028378493,3,1
2021-12-27,0.02245248805721284,-0.07020944005902582,0.7627826741274302,0.42376495902707173,-0.305282280390319,3,1
2021-12-28,-0.003978979625138409,-0.4725240229989828,0.7310764117515277,0.32670495880401784,-0.33037071916655386,3,1
2021-12-29,0.0015804080700057162,-0.5635579971479923,0.14938769532855176,0.22361503149088768,-0.43610105658689075,3,1
2021-12-30,-0.008189352773852378,-0.4844588768043453,0.06757025693971416,0.2450202032794243,-0.36800371913524915,3,1
2021-12-31,-0.009349418800643428,-0.3298461414661821,-0.45942677372104146,0.27089208245975527,-0.38771625920477254,3,0
2022-01-03,-0.005147656522966067,-1.4377049153860697,-0.44679736191519315,0.15342656486877196,-0.49882249533182094,3,1
2022-01-04,-0.017764726113726762,-1.0904865337425114,-0.32827827895317363,0.22834515118321624,-0.44326937726829674,3,1
2022-01-05,-0.03961267524463896,-0.20261402733791786,0.21402755959833006,0.4135529869386477,0.06208560942316138,3,1
2022-01-06,-0.008401774145903734,-0.20635171789181192,-0.04867784336309881,0.41718314976143084,0.040581330987629505,3,1
2022-01-07,4.085447249180631e-05,0.004721597337237218,-0.08686345709980692,0.41898721577051945,-0.11174206544881712,3,1
2022-01-10,0.00026331667313765226,0.12434764078534088,-0.628134857769279,0.14823987332031993,0.0029483310189342194,3,0
2022-01-11,0.001788170571089767,0.2394481335700379,-0.565381133732874,0.15183421827645396,-0.17446350419374726,3,0
2022-01-12,0.009922130834424928,-1.1543482569877586,-0.41057133849269317,-0.07474086330481164,-0.316034419608085,3,0
2022-01-13,-0.043713014042570525,0.7237403992922157,0.24841603790783784,0.2540607697369509,0.16602386667314678,2,1
2022-01-14,0.01709309381007635,1.0414067392166189,0.5877974541821345,0.18732242940669766,-0.03468432714541807,2,1
2022-01-18,-0.025108958836075827,1.2688354266375008,0.6846219960041906,0.319926152086809,0.6104498365943692,2,1
2022-01-19,0.0017753160947236528,1.2686789865307788,0.7109261607779592,0.3049600511200263,0.8004058911951681,2,1
2022-01-20,-0.006188233295605399,1.0298279385321338,0.2202142224016156,0.11245247763312118,1.1122206629451243,2,1
2022-01-21,-0.019109641726155955,0.15512191696168323,0.3042768052777492,0.012287284641613135,1.696425468110333,2,1
2022-01-24,0.0006794182981692615,-0.45439453169391064,0.30839760298253477,-0.0053121062631102224,1.8845894425407805,4,1
2022-01-25,-0.02741699506180833,-0.35709551008068224,0.4634043719312929,-0.17001447004870981,2.110386416939923,4,1
2022-01-26,0.027626106353808116,0.7148210648607827,0.9563662827391674,0.21081675562420904,2.2537494125246123,4,1
2022-01-27,0.010025587074972534,0.8378817490821532,0.9577080894213786,0.2726261489427902,1.9903197799611174,4,1
2022-01-28,0.027225647272002072,0.9076628159893061,0.6433966403796093,0.5681103052238623,1.4831727130993078,4,1
2022-01-31,0.008316451549236327,0.8657612193361816,0.5468602021122126,0.6068221745961005,0.9760256462374981,2,1
2022-02-01,-0.007633296670451354,-0.10418584119831621,0.26804691048707807,0.6092637690056808,0.4617102586942826,2,1
2022-02-02,0.014638955093293812,-0.38579673929427505,0.3433634281673684,0.6440926959701668,0.485006959104509,2,1
2022-02-03,-0.040199861765642775,1.3200874115090906,1.0491903058193182,0.6549561152689063,0.8900078488866846,2,1
2022-02-04,0.014979581574201577,0.9743044109765461,0.9646013984089817,0.7200383260636414,0.6875072330934253,2,1
2022-02-07,-0.016913397656493242,0.9672533362420835,1.101513357322725,0.7718023896717541,0.6229940559824867,2,1
2022-02-08,0.011455281685259958,1.145723371506836,0.7614679355727493,0.8158719312397373,0.3685244824664061,2,1
2022-02-09,0.021131237294776388,1.3128020912906833,0.6523144509056337,0.9346210163959091,0.10330242792821664,2,1
2022-02-10,-0.029251993537580297,0.8205389562639903,1.0356324158548158,1.0709846595825432,0.8111580304129341,2,1
2022-02-11,-0.025042321501749502,0.8951285227994654,0.898474901977568,0.7947591889113252,1.429411675206135,2,1
2022-02-14,-0.0006044433986901643,0.833388005611775,0.8322120559175947,0.7017841106272725,1.6032393500781135,2,1
2022-02-15,0.01790408667139992,0.9997417077100716,1.027507209660696,0.6656164751696761,1.1319332030146478,2,1
2022-02-16,-0.0016368279865475875,0.48651270440935224,0.8925090894632528,0.6639433496226608,0.8792557096689188,2,1
2022-02-17,-0.03018777719343964,0.5198456903953325,0.633937148948541,0.857283362290127,1.5638146117434097,2,1
2022-02-18,-0.010146619238265844,0.23477140662370102,0.46570767611578046,0.8031813274801638,1.499301092828128,2,1
2022-02-22,-0.0011981789505131869,0.2303365417418102,0.41455467138727814,0.8017918977115494,1.689257147428927,4,1
2022-02-23,-0.02670290566129729,-0.23550558667963664,0.4485352372932331,0.7931236618830432,2.0852979781636884,4,1
2022-02-24,0.04936235043421362,2.0859379541959298,1.403122444935257,1.1893179996612786,1.959855100673828,4,1
2022-02-25,0.008722118088848726,1.6422348939420202,1.228527461252405,1.1835393027578116,1.4706284937111904,4,1
2022-02-28,0.00449704487659717,1.5040904997293394,1.0099525451193876,1.008598881178404,1.9293904213865387,4,1
2022-03-01,-0.013403618882817474,1.6836918488554957,1.0825960716501948,1.0093429885708067,2.497466846822927,4,1
2022-03-02,0.017141067329973985,0.9497410987448557,1.0721961757725351,1.0893684466857014,2.0351207588068756,4,1
2022-03-03,-0.014795526483766537,-0.1980047014567661,1.144003126346924,1.0572167602418547,1.988527699790766,4,1
2022-03-04,-0.021159511785636673,0.034775424191874474,0.9744779934771677,0.8101365698185717,2.257333572865315,4,1
2022-03-07,-0.03897748727175779,0.5967773994634672,1.44924556314198,1.0207419908679582,3.058375293382252,4,1
2022-03-08,-0.011500654570023132,0.6015353971806238,1.4648001836139213,0.9976380494777316,2.8218261797653437,4,1
2022-03-09,0.04436901699740971,2.005002579325615,1.9269396315986165,1.4517751786581863,2.3415596318501204,4,1
2022-03-10,-0.010606465785231018,1.9849592324518757,1.1121086229878263,1.3307277412105591,1.9437267209450075,4,1
2022-03-11,-0.019986422200698333,1.9692495602252464,1.1256693514453406,1.2507977617456938,2.0369128389772273,4,1
2022-03-14,-0.013514351079088365,1.3640571366764893,1.0869765448380564,1.1737250250465703,2.219700914700963,4,1
2022-03-15,0.037542409367724544,1.9302490143323456,1.7213572468008822,1.5141258282442045,1.872045223152663,4,1
2022-03-16,0.024431997841838544,1.2826645306869398,1.8314514568524844,1.5740494454478593,1.3057608778866263,4,1
2022-03-17,0.002346650738420454,1.134996548922675,1.7806039892851582,1.5766760439231728,1.1265569625035934,4,1
2022-03-18,0.017025374196356944,0.5321092251688572,1.6999178199368479,1.4504552757322056,0.8039900515358711,4,1
2022-03-21,-0.004704988451632512,0.17278594675171374,1.0549447366300293,1.4308155693659137,0.7430606929612925,3,1
2022-03-22,0.01577804096987072,-0.4764965353310098,0.9319378485620134,1.4687683975529497,0.6373303555409556,3,1
2022-03-23,-0.015613051274032296,-0.22255336813760096,0.5205147277677065,1.3593936893790795,0.7502286718383554,3,1
2022-03-24,0.014807064850156648,-0.10177342436318039,0.4640252936745126,0.8980104247247184,0.4097413009714614,3,1
2022-03-25,-0.0018508708363748259,-0.27249406577143337,0.15401849021566222,0.8851948454464676,0.2556258243646633,3,1
2022-03-28,0.022384677134683346,-0.008081336251154852,-0.03602591213341979,0.9882610325361799,0.044165149523989485,3,1
2022-03-29,0.014577144412600957,-0.028340458855216966,-0.48001377511572485,0.9676919972850613,-0.08665362667258227,3,1
2022-03-30,-0.0053953159814948415,-0.46603721267204307,-0.5652585774586997,0.9306209573984351,-0.009595888369183209,3,1
2022-03-31,-0.01830980713278505,0.08298911222827268,-0.22322809230217916,0.9603083786816572,0.21082484551890504,3,1
2022-04-01,0.0031251543680038073,0.062023562189755646,-0.34039040362543393,0.8326075009693846,0.044165149523989485,3,1
2022-04-04,0.01730903086917336,-0.11724264214359827,-0.2665049803041848,0.40597732937731446,-0.14579090507680942,3,1
2022-04-05,-0.013538930324249085,-0.18359689629927836,-0.19313403695640666,0.42562129868169885,0.2950509045037101,3,1
2022-04-06,-0.03776142208428894,0.6926408529451995,0.4348403092087568,0.43224083296553145,0.48679903927486046,2,1
2022-04-07,0.005755784356702319,0.7342033855357133,0.3391996225200206,0.3952665492029745,0.3882366807315865,2,1
2022-04-08,-0.015176131825953492,0.7115929422336434,0.42082274213273285,0.3435030894905472,0.31834726310959344,2,1
2022-04-11,-0.04069866687428267,0.45682374873569115,0.6090347465126812,0.7473051161127774,0.8935920092273876,2,1
2022-04-12,-0.011750091699929304,0.47884346780453324,0.3251208731981695,0.42056010987957476,0.8738794691578642,2,1
2022-04-13,0.019051582375014465,0.8992642853311097,0.7063063404036861,0.3533593049523642,0.4366218199180477,2,1
2022-04-14,-0.027926303118377294,0.8589839164995906,0.8144861309566155,0.5202142742017534,0.5943214568655488,2,1
2022-04-18,0.0019938513053889277,1.024948501747506,0.8025587852642064,0.4173425836841919,0.4993432586629779,2,1
2022-04-19,0.016427511368712268,0.5237741237872762,0.7826896901629036,0.5197895516772477,0.35598026307828873,2,1
2022-04-20,0.0032400229379619186,0.3918177473198638,0.8431675387432306,0.436624354018076,0.16781594684349826,2,1
2022-04-21,-0.020040236858855132,0.3340338187015778,0.5226078930641324,0.469897679824518,0.5907372965248459,2,1
2022-04-22,-0.024909533239418528,0.2181558093013145,0.5537394218708356,0.4775947661639442,1.5817347298382387,2,1
2022-04-25,0.023651460050968333,0.7606368032114933,0.9535459307275719,0.6845718747594105,1.3684823166315565,2,1
2022-04-26,-0.03858964429410624,1.1578479409153488,0.8969459059745781,0.7498187745205286,2.5333077666212707,4,1
2022-04-27,0.04651871772686402,2.6021258334721704,1.7460535627054672,1.2906668926578548,2.1892362354136736,4,1
2022-04-28,0.0219114588364787,2.5804051860483534,1.783523559498206,1.4446344152208093,1.9007178222696008,4,1
2022-04-29,-0.04317979553819127,3.1579648260210385,2.112659519420668,1.700688916877914,2.511803488185739,4,1
2022-05-02,0.024266171985132576,3.168510897791769,2.285723158150561,1.8544067703229692,2.321847091780597,4,1
2022-05-03,-0.009969726385713109,2.4611314362568053,2.2306505412661672,1.7602607950420792,1.7681069659026776,4,1
2022-05-04,0.028216614900786346,1.9053478635727543,2.4596112510736847,1.9551917442706002,1.081755983657835,4,1
2022-05-05,-0.04500025779790035,2.494124659451447,2.8843637774644217,2.0543494574310355,2.117554737621329,4,1
2022-05-06,-0.009960338212146064,1.8206619305531697,2.757263772413817,2.039440697106931,1.9365587420679446,4,1
2022-05-09,-0.03811399782881855,1.699113157294829,2.8825440056371394,2.2122761540303015,2.753728500509359,4,1
2022-05-10,0.017956187068373316,2.1653672137261357,2.684057478886637,2.0737798906109304,2.4383299102230427,4,1
2022-05-11,-0.03424208000652436,1.3090622338242026,2.194480114883439,2.227564476901782,2.361272171919644,4,1
2022-05-12,-0.02062831776055176,0.8806583879247301,1.8973955083208798,2.162305926330118,2.219700914700963,4,1
2022-05-13,0.021875967735514448,1.6627103307034836,1.863242545123318,2.200344239871944,1.700009628451036,4,1
2022-05-16,0.0009855438705549681,1.106678452908783,1.5549444085231274,2.198399731402763,1.4491238734713154,4,1
2022-05-17,0.019671580548614287,1.1544715987422445,1.7933248293776323,2.223567999469571,1.2036147008069924,4,1
2022-05-18,-0.047067456160827845,1.714508718710115,1.7806863094004899,2.51439535527265,2.0745454971415795,4,1
2022-05-19,-0.004175166969983567,1.548585533791487,1.4215199844810502,2.4815511805282884,1.7860274258018496,4,1
2022-05-20,-0.002762477870374386,1.1362640205955645,1.4348012923069018,2.415217742253208,1.8003637253603184,4,1
2022-05-23,0.031061002806123394,1.827226420991957,1.5141095378748306,2.494369940132135,1.6301198690246999,4,1
2022-05-24,-0.004427987733726501,1.5433426871070313,1.364573497994427,2.280447274214809,1.8039478857010214,4,1
2022-05-25,0.010639428861904035,-0.03458737900943128,1.030171520716145,1.8660486914500531,1.6104076707595196,4,1
2022-05-26,0.012324525378043783,-0.1635874366074405,0.8652435184133461,1.7875090767572788,1.45450011398237,4,1
2022-05-27,0.026761321091813176,-0.18469954380300918,0.9446440210441888,1.6421715954264116,1.1355170215510078,4,1
2022-05-31,-0.005495067681406454,-0.2833330294192018,0.976525581146266,1.5076693764166582,1.2197430805358127,3,1
2022-06-01,0.0015524858557359853,-0.43208337816382625,0.8626987256790365,1.4988435637198332,1.1301411228442964,3,1
2022-06-02,0.0074289653522459425,-0.43374771734551854,-0.48073240994142413,1.32259024042008,0.9563131061679747,3,1
2022-06-03,-0.017215623680748155,0.09376753301977189,-0.19747297682939188,0.9700695797027371,0.9688576673604352,3,1
2022-06-06,-0.005183287189279526,-0.8110550459688559,-0.16958791932808298,0.9568416589091951,1.019034544912905,3,1
2022-06-07,0.013388475203757159,-0.477815798254109,-0.5585055963355116,0.6552723597190429,0.8308705704824575,3,1
2022-06-08,-0.008168061816088182,-0.41814754700699625,-0.5066932713005626,0.5971161658553621,0.8201180894603486,3,1
2022-06-09,-0.021470655160520852,-0.26295619126648556,-0.20604841102481186,0.4111971976665088,1.201822620636641,3,1
2022-06-10,-0.04605573356631099,0.8209025541028017,0.6332856396526868,0.8357285369604812,1.499301092828128,4,1
2022-06-13,-0.04380708941953313,1.1935673431799372,0.6054418946804143,1.0935402885429932,2.622909724312787,4,1
2022-06-14,0.00869422688132335,0.9915401762452475,0.7681414621724424,1.1235953463886141,2.3845681887211843,4,1
2022-06-15,0.02883318287767229,2.1960073690275497,1.2940973479011904,1.2349944559026664,1.8344125649883107,4,1
2022-06-16,-0.027809226110926313,2.25232781430025,1.295942901505001,0.9358409342203872,2.4311615895416367,4,1
2022-06-17,0.010412046786307992,1.830209643489563,1.4347199022910677,0.9699156202923818,2.105010176428869,4,1
2022-06-21,0.023824948457817446,0.839536913362127,1.7638680889718987,1.1076502188796677,1.9365587420679446,4,1
2022-06-22,-0.002875639547683288,0.9167950329146283,1.6335226266196674,0.8714483037615116,1.714345928009505,4,1
2022-06-23,0.021915478701485996,0.7212326230369515,1.8890376829373159,0.9941681181401366,1.7322660461043338,4,1
2022-06-24,0.03311115995288096,-0.22009141044689529,2.1513727996539007,1.2140261414743518,1.4061149747959087,4,1
2022-06-27,-0.011020948703894744,0.4220100587106798,1.4623687051486904,1.2066386304324783,1.355938097243439,4,1
2022-06-28,-0.03273271659630106,1.3601231850820144,1.1191331918501726,1.2283367197600257,1.6086155905891681,4,1
2022-06-29,0.014161902535796871,1.4063744992161156,1.1434990716175741,1.2915654154571696,1.5727746707908243,4,1
2022-06-30,-0.013735800812935918,1.2953305574893166,1.0169139928843394,1.3114965226759772,1.6713366875297553,4,1
2022-07-01,0.010182064141047779,0.45201069238417985,0.6352566156583972,1.3257013446317685,1.3111371183976808,4,1
2022-07-05,0.012049893462943183,0.63075190194584,0.643545891971022,1.3252430666362003,1.4616684346637758,4,1
2022-07-06,0.012233012181921497,-0.49922018088032455,0.5087227206942636,1.3613046266407558,1.3165130171043922,3,1
2022-07-07,0.007724669736065642,-0.5824146340498585,0.4852541347754989,1.333489426124147,1.2000305404662894,3,1
2022-07-08,-0.0032296772760010565,-1.1657763523108664,0.36316437466072227,1.3238751435930218,0.9419768066095059,3,1
2022-07-11,-0.01230708791263603,-0.6157058240178025,-0.09638582221168954,1.260710741658995,1.2161589201951097,3,1
2022-07-12,-0.0423136412225921,0.7703238339820352,0.6256019408758787,1.1896927219607143,1.4168674558180177,2,1
2022-07-13,-0.004220681913844312,0.4295242558470672,0.2244331950605287,0.739078426217195,1.3326413968332127,2,1
2022-07-14,0.004898340242319015,0.34532353251641196,0.11168558812721995,0.7293402345196791,1.257375738700165,2,1
2022-07-15,0.009868256979034774,0.6333374834374806,0.10573031468607029,0.5548067402029985,0.8685032286468097,2,1
2022-07-18,-0.010136748330349808,0.6245206511187317,0.07266296900527029,0.3695659931370733,1.0602513634179602,2,1
2022-07-19,0.02008562910710904,-0.4761049943044572,0.22295394178503508,0.440001045972747,0.916888367833271,2,1
2022-07-20,0.010033464976396893,-0.5798247808079336,0.19426934928439774,0.32572018980516976,0.8057817899018797,2,1
2022-07-21,0.009282752506059751,-0.5835915441472027,0.210559920881086,0.3371076763042635,0.6677950348282449,2,1
2022-07-22,-0.017529298506440444,0.0005278132377805508,0.3211720889248487,0.3071553333893688,0.653458735269776,2,1
2022-07-25,-0.006362523295921468,-0.08579397272158953,0.2842269475584502,-0.02458470222969589,0.7125960136740032,2,1
2022-07-26,-0.027607930534522936,0.11629637828936112,-0.23938873644419714,0.14017624395144712,0.9509372074612633,2,1
2022-07-27,0.06424360136061774,2.6142090731768093,1.4339049672814903,0.9533714427759243,0.6910913934341283,2,1
2022-07-28,0.027672146564826677,2.8079917783430774,1.581203328478923,1.0687123014565114,0.5280158577799157,2,1
2022-07-29,0.015075043365199223,2.448594254730296,1.596044908106746,1.034974258493806,0.34881194239688273,2,1
2022-08-01,-0.010240487544113143,2.527567238549702,1.5973386789525303,1.067277139623291,0.6194098956417837,2,1
2022-08-02,-0.012009170529443539,2.005128181490784,1.6574362219043468,1.0925302348954875,0.8147421907536371,2,1
2022-08-03,0.026987128912747863,0.4959263188482609,1.7937875849665925,1.2063938888452799,0.4599185203282741,3,1
2022-08-04,0.0037003339449440792,0.13368788163767673,1.7944303364406107,1.2005744429282,0.3685244824664061,3,1
2022-08-05,-0.0030811532075310233,0.022912837174966835,1.6307749670136524,1.2002211155253897,0.31655518293924195,3,1
2022-08-08,-0.009665641825318663,0.01002884660224339,1.6649849425255012,1.1848057563608407,0.3416439635198198,3,1
2022-08-09,0.0065698324545569306,-0.22059923122519293,1.1952983819093104,0.6963670485671875,0.4276617608706333,3,1
2022-08-10,0.02354108965694113,-0.39274011639586315,-0.0738760761681645,0.7520088300109137,0.06387768959351287,3,1
2022-08-11,-0.007897119411683364,-0.2474464085957572,-0.27339661843015634,0.7981079458859129,0.1463116684079664,3,1
2022-08-12,0.01642509041746566,-0.12334994145903656,-0.25313910168024994,0.8212412459097579,0.026245031429160588,3,1
2022-08-15,0.004861267565221507,-0.45835780885460803,-0.3820408640920634,0.7563961209481183,0.10151068956220816,3,1
2022-08-16,-0.0030617458925715243,-0.3124894615115787,-0.5352458615344372,0.7294449073219834,0.054917630546098425,3,1
2022-08-17,-0.0031084292161143185,-0.76886586379978,-0.879362339576638,0.7407256232170077,0.0925502887104507,3,0
2022-08-18,-0.004423761107926889,-0.8646436413650948,-0.8422775799585862,0.7548688302909876,0.031620930135872055,3,0
2022-08-19,-0.014419791860833333,-1.108633976856094,-0.6639981410212248,0.7241096064984305,0.21799316620031098,3,1
2022-08-22,-0.0302632243564333,-0.48968973207683475,-0.1378116975317555,0.9746245970737184,0.7914454903434107,3,1
2022-08-23,-0.005196371617571803,-0.5315511228697487,-0.17119086113120546,0.7614497138369535,0.8469989502112779,3,1
2022-08-24,-0.002822805547188082,-0.5248116671458173,-0.6502608065139054,-0.2984848736363694,0.6158257353010808,3,1
2022-08-25,0.010565754426619913,-0.05893018122811385,-0.5100047764296818,-0.5199239900867604,0.4294538410409848,3,1
2022-08-26,-0.039820023787617516,0.6665735016649043,-0.1105836553171073,-0.11119444303962295,1.1068444224340699,3,1
2022-08-29,-0.011193977457849206,0.38606311974001284,-0.23032626895620884,-0.10640423914700436,1.2233268990721728,3,1
2022-08-30,-0.009025726599405355,0.36660030390725357,-0.2635372011841953,-0.12113866221659031,1.2233268990721728,3,1
2022-08-31,-0.0061894216223569625,0.3298684910833767,-0.28784326435694463,-0.4241276700698966,1.1623978823019372,3,1
2022-09-01,-0.004569368205663805,-0.12980141993090347,-0.2890543951607858,-0.44734431490471355,1.1068444224340699,3,1
2022-09-02,-0.017275740599964326,-1.3509121277320888,-0.27366798598218667,-0.3959283935834431,1.0907160427052496,3,1
2022-09-06,-0.011503449198137146,-1.3476192082780487,-0.5209487440895189,-0.38933557853637135,1.348769776562033,3,1
2022-09-07,0.018462764622016768,-0.2505879161417593,-0.07945020764915778,-0.24800668167477452,0.9419768066095059,3,1
2022-09-08,0.0011959633377170618,-0.23377830037413166,-0.051114950213901486,-0.5217231260207601,0.7573969925197614,3,1
2022-09-09,0.022248441665972805,0.25065964687427256,0.22810323979773123,-0.2636602664674868,0.6104498365943692,3,1
2022-09-12,0.007777878953927306,-0.254624412863868,-0.4558354421923683,-0.36104357044528956,0.8039900515358711,3,1
2022-09-13,-0.05701603871880097,2.1076105708979602,0.9440955357224765,0.37196575878448956,1.4132832954773147,2,1
2022-09-14,0.00044362426240649865,1.8743696742445988,0.9502859579507131,0.38440324336100656,1.2143668400247583,2,1
2022-09-15,-0.027962273800971254,2.035958189778965,1.1406774740616161,0.4781550096348039,1.2340793800942818,2,1
2022-09-16,-0.0030803400642912117,1.3988512221006724,1.1439416035061472,0.4818572524708253,1.2394552788009932,2,1
2022-09-19,-0.0013681056079999547,1.171546425152359,1.1025778187643103,0.4870574896819766,1.1426853422324137,2,1
2022-09-20,-0.008970041887166904,-0.5067861477911203,1.0924079966718936,0.3530624274644598,1.3935707554077912,3,1
2022-09-21,-0.015010105534503318,-0.6144151134705081,0.8764868006461837,0.3668447331169692,1.542309991503535,3,1
2022-09-22,0.007991171530005383,-0.8860218799547622,0.9441223900673459,0.4252170883379564,1.4276195950357835,3,1
2022-09-23,-0.01324821079132952,-0.7767525646952993,0.5321850364684904,0.3423456595040167,1.8881736028814835,4,1
2022-09-26,-0.0024460094084697744,-0.7924740917202343,0.398565067193773,0.05222793819696254,2.307510450417785,4,1
2022-09-27,-0.004858199248477049,-0.8063652206800366,-0.9731337576944875,0.046019392548595134,2.3684398089923637,4,1
2022-09-28,0.019051204887289834,-0.39494190825734987,-0.5247494306298667,0.21741243117821663,1.9347666618975932,4,1
2022-09-29,-0.015388410709263734,-0.24384261922166592,-0.8483747460687374,0.24711487116128536,2.2322451340890805,4,1
2022-09-30,-0.020027258143518824,-0.055692430453955936,-0.6657867460193374,0.3040515843102595,2.1928203957543766,4,1
2022-10-03,0.03263967763824573,0.90594779807157,0.13310187810592472,0.6313962783254246,1.9204303623391243,4,1
2022-10-04,0.032784805018552035,1.2966006901929832,0.6028375852146287,0.912083932930264,1.7358502064450367,4,1
2022-10-05,0.0008162328005080949,1.2525705795318924,0.4599807978881842,0.8167639353191801,1.6426640884128174,4,1
2022-10-06,-0.010186777960889461,1.1234047956886406,0.524890845503393,0.8275908199718126,1.9956960204721719,4,1
2022-10-07,-0.05266012472557852,2.5204962641162383,1.5293864571862046,1.1881584824874036,2.146227336738267,4,1
2022-10-10,-0.02200178649121619,1.993991298330619,1.6500830640936697,1.1859641121034772,2.3415596318501204,4,1
2022-10-11,-0.01736087975079581,0.5662503060924493,1.7033836104988422,0.6261904349445622,2.553020306690794,4,1
2022-10-12,0.0010384886402745896,0.5737078410069558,1.5090468003898123,0.6282155078131327,2.5422678256686853,4,1
2022-10-13,0.03644949963567642,2.183772416136081,2.0083360143407503,0.8984872898922605,2.2501655939882523,4,1
2022-10-14,-0.02501633398055623,1.2573155927261326,2.0698715077966585,1.0071822312004657,2.264501893546721,4,1
2022-10-17,0.03802655176377428,1.7701494766815848,2.1892452238986335,1.3729329800508476,2.1480194169086184,4,1
2022-10-18,0.0036067265997185706,1.3993986674965018,1.807577264968285,1.3672464889829443,1.992111860131469,4,1
2022-10-19,-0.008974251249411855,1.5605968505960623,1.8004764514459293,1.3396493790584183,2.0387049191475786,4,1
2022-10-20,-0.0018652618522304264,0.974053586364425,1.7965822879770568,1.3217131905656763,1.8989257420992494,4,1
2022-10-21,0.02449754312449689,0.5059452181558284,1.0976953420839946,1.419326502953167,1.846956784376428,4,1
2022-10-24,0.020497942158839193,-0.14843175887413157,0.9081743865480082,1.4953329958302115,1.875629383493366,4,1
2022-10-25,0.013228802300435275,-0.15048992662798752,0.6354820189734963,1.5114025519117666,1.6265357086839969,4,1
2022-10-26,-0.08076390855238318,3.5615685046201664,3.015122534573365,2.6283710691356794,1.4150753756476662,4,1
2022-10-27,-0.020422739154714327,3.62089649552625,2.7573778049353406,2.653478232216318,1.4347875739128466,4,1
2022-10-28,0.03896399032677954,4.012982343834144,3.0021217423787805,2.8573993525481103,1.1408932620620622,4,1
2022-10-31,-0.016451869218023125,3.7214035245029686,2.6992603969251054,2.713975332584498,1.1641896206679456,4,1
2022-11-01,-0.017675273958200288,3.4070142674476624,2.7351199367327816,2.5300637710518203,1.151645401279828,4,1
2022-11-02,-0.036477630302513345,1.6738848367389105,2.9673627166421057,2.678438833482509,1.1606058021315857,4,1
2022-11-03,-0.02740701419857821,1.771464501461107,3.040181259003945,2.743488547543445,1.0602513634179602,4,1
2022-11-04,0.032313592341452785,1.4093896562093755,3.1863787534931802,2.612047841524031,0.9258484268806855,4,1
2022-11-07,0.028380633115378927,2.1169204680777027,3.3124616903123045,2.6978570171241856,0.8900078488866846,4,1
2022-11-08,0.003910234733722001,2.0119439279767546,3.2340978004357477,2.6529941908685424,1.10326060389771,4,1
2022-11-09,-0.019702490757498862,1.466878506884529,1.7691998036894472,2.7143204163975994,1.201822620636641,4,1
2022-11-10,0.0785902720371759,2.6810706359815883,3.263715783517359,3.4469761571265556,0.7430606929612925,4,1
2022-11-11,0.0163856575446457,2.663861194498141,3.0178161462128883,3.3667326725542575,0.562064697407908,4,1
2022-11-14,-0.02322560570007936,3.245964997721778,3.0971286314813904,3.2681450062406427,0.7789012709552933,4,1
2022-11-15,0.0012684703679162572,3.2629707614893775,2.978157673200833,3.266678778698183,0.9240566885146769,4,1
2022-11-16,0.0013531391178479473,2.893856898694317,2.4846197937737977,3.253495184467682,0.8469989502112779,4,1
2022-11-17,-0.0006753960142039778,-0.17629748228585895,2.1091055755322814,3.252766950436032,0.8147421907536371,3,1
2022-11-18,-0.0023739562031609195,-0.6533299278381268,2.0080435609285763,3.1655310152879403,0.6695871149985964,3,1
2022-11-21,0.0029663438214585923,-1.7201766993627607,1.8738896102735816,3.0985061583020563,0.5333920982909702,3,1
2022-11-22,0.01176750412399421,-1.2826451725155819,1.8817409936098832,3.0923368613524462,0.3416439635198198,3,1
2022-11-23,0.009884468699402968,-1.1833447223711733,1.6338179313782835,1.9997206801903828,0.17319218735455275,3,1
2022-11-25,-0.0008322419723976826,-1.1793466611135126,-0.8570822724472218,1.8963847781106544,0.2000727063011391,3,1
2022-11-28,-0.023893315450835898,-0.1656610311296589,-0.6466311942522094,1.7754758907796981,0.5065112375400408,3,1
2022-11-29,-0.0064011810676100275,-0.1499036457389362,-1.0055856751527286,1.7265474786863801,0.44916603930616517,3,1
2022-11-30,0.059330867255668975,2.0087480862049363,0.829833855319736,2.224771603485878,0.214409005859608,4,1
2022-12-01,-0.002234026865167242,2.0403029824369665,0.8456027864764333,1.9078608125356034,0.08179814949268477,4,1
2022-12-02,0.0008261401309803128,2.031354469330186,0.8397723658406278,1.6808661036184385,-0.05798102755564443,4,1
2022-12-05,-0.019550074602131037,1.9083668757099828,1.0443397737322908,1.6951690770586438,0.24487368514689734,4,1
2022-12-06,-0.020981247179357614,2.1810282773277905,1.241956493656117,1.7116590256399564,0.4993432586629779,4,1
2022-12-07,-0.0035330444962792295,-0.6686804073633139,1.1959331208116024,1.720204108846851,0.5907372965248459,3,1
2022-12-08,0.011854215689045707,-0.2078088308507413,1.212668442916206,1.6251364650909883,0.5208478789028528,3,1
2022-12-09,-0.008504207905414651,-0.2809630464887768,1.2337620142827743,0.3126822968719476,0.6176178154714322,3,1
2022-12-12,0.02801112547409055,0.430922546702294,1.2630092011688676,0.44873434814928476,1.0064903255247875,3,1
2022-12-13,0.016845377538993428,-0.0808400500046292,1.2660141642311622,0.3425053631202562,0.5674405961146195,3,1
2022-12-14,0.0006983489696544913,-0.1803763414347288,-0.1266604922358089,0.34305115441311496,0.3147631027688904,3,1
2022-12-15,-0.0329074280670708,1.0137717132346116,0.3922792670818318,0.6578280911745433,0.6176178154714322,2,1
2022-12-16,-0.01796946591007682,1.1768862514025935,0.4779115756477821,0.7423415361470506,0.5799851573070799,2,1
2022-12-19,-0.017948715837826288,0.4687028868715388,0.4569906424887928,0.8170279457082752,0.5441442375087361,2,1
2022-12-20,0.0051302340551696544,-0.011453121990441947,0.33949187906973066,0.821813595229199,0.37569246134346906,2,1
2022-12-21,0.010349311795899789,0.30310246376913164,0.39939842191652614,0.8139303821325904,0.12301496799774003,2,1
2022-12-22,-0.026328919222409305,0.062258719796467,0.5696991387317469,0.9289341542738703,0.4635023388646341,2,1
2022-12-23,0.0017957841255871092,0.03432691565378677,0.5732947790754773,0.932379849953935,0.2663783053867722,3,1
2022-12-27,-0.007910533309017575,-0.14538264423559052,0.048669382632959876,0.8267060685190954,0.4061571406307584,3,1
2022-12-28,-0.010776621009996636,-0.22262946596589694,-0.30664963931045164,0.8413219880943862,0.4939670181519234,3,1
2022-12-29,0.02678630112557202,0.5115378677182113,0.31648429727720717,0.05844403753090309,0.3685244824664061,2,1
2022-12-30,-0.005418348912007368,-0.048982544759273466,-0.06985609163628341,0.05925445377665381,0.4097413009714614,2,1
2023-01-03,-0.0014700178467519035,-0.046213113838237486,-0.18913673299097658,0.05487870791536889,0.6301620348595496,2,1
2023-01-04,-0.04519747572628257,1.2892051940738254,0.571907656644867,0.45779751847440436,0.47067065954604004,2,1
2023-01-05,-0.030554465452220517,1.5585168855587148,0.7452381305369501,0.5604887855659855,0.5513122163857991,2,1
2023-01-06,0.01124785791882176,0.9416445124586261,0.7600357790735645,0.6268053315488079,0.31297102259853893,2,1
2023-01-09,0.009220613828451539,1.2256985348449676,0.7136075750377575,0.6065922156935784,0.4635023388646341,2,1
2023-01-10,0.007119599642646996,1.366746592921998,0.7559143071042963,0.6354184887076003,0.214409005859608,2,1
2023-01-11,0.029321104921246312,0.8010867412922238,1.1544613917462168,0.6567884510140098,0.305803043721476,2,1
2023-01-12,0.011085882803791924,-0.8448830948617623,1.1550117464237415,0.6046707126919303,-0.0991978460606997,3,1
2023-01-13,0.002545618411509325,-0.6769280325566217,0.8788291699462327,0.6100529935925697,-0.1852156434115132,3,1
2023-01-17,0.004202128345153835,-0.6066327705829292,0.8797685662969771,0.3940387838852818,-0.004219647858128739,3,1
2023-01-18,-0.019538604186550727,0.2528130135651447,1.013705943114023,0.40787849166698803,0.17140010718420126,3,1
2023-01-19,-0.017059295817070688,-0.24199262634918942,0.26894509918405174,0.4006438985685338,0.20365686664184207,3,1
2023-01-20,0.034650755069133246,0.7838723833500865,0.13963733363608458,0.7243550294184413,0.08359022966303625,2,1
2023-01-23,0.009307767851557298,0.8259527896681704,0.13344367420841388,0.7189125099692749,0.0764219089816303,2,1
2023-01-24,-0.0026973387112000373,0.8345827391537222,0.17287949082813958,0.5497953569949774,-0.032892246975066576,2,1
2023-01-25,-0.0063942980012558085,0.5312609520026469,0.2388544542143816,0.5599922170097013,-0.054396867214941455,2,1
2023-01-26,0.029782576538563862,0.3850698655766887,0.25028765285546384,0.7495144033101129,-0.11711830595987159,2,1
2023-01-27,0.0001765151687020568,-0.14006826393788602,0.2330904601537041,0.7099292006354955,-0.15654304429457536,2,1
2023-01-30,-0.022675058752104748,0.4375422884235093,0.5265273753272118,0.687071051848896,0.09971860939185667,2,1
2023-01-31,0.02032626554312766,0.6888759168518358,0.6751819667976806,0.7743623943554266,0.0029483310189342194,2,1
2023-02-01,0.019269753887098288,0.6743925181929792,0.5157594373222264,0.846083241813181,-0.2712334407623267,2,1
2023-02-02,0.04534985582550203,1.244205016909586,0.7628252219177089,0.6522578682316184,-0.11711830595987159,2,1
2023-02-03,-0.02437244414326681,1.8652327580576669,0.9835546846647791,0.5446161945274569,-0.1887998037522162,2,1
2023-02-06,-0.006603458818528215,1.4392961711271883,1.04123264275825,0.5836575174379193,0.00832457152998869,2,1
2023-02-07,0.040694455678106006,1.8411758871442765,1.4110617616286565,0.8618238287065082,-0.12966252534798903,2,1
2023-02-08,-0.0035756100442076453,1.953917855525896,1.382000585731646,0.8905006056936032,0.044165149523989485,2,1
2023-02-09,-0.012196861132206159,1.1633344664793712,1.3506722694288378,0.8431958351833753,0.23770536446549137,2,1
2023-02-10,-0.0024430260724481274,0.727599169574499,1.3630143472442946,0.8461174240560122,0.20544894681219356,2,1
2023-02-13,0.030296019018475163,0.989180099156203,1.2015268915275998,0.9922966576694939,0.17140010718420126,2,1
2023-02-14,0.0026592735308502784,0.07676752867721494,1.1792520083189868,0.9939620239463273,-0.08486154650223078,3,1
2023-02-15,-0.008493569895355308,0.15717841582410358,1.2229750986487542,0.8912801391185686,-0.20672026365138807,3,1
2023-02-16,-0.02745225501488316,0.6779108339831129,0.8602195102180298,1.0271495068612013,0.14093542789691194,2,1
2023-02-17,-0.016193503630607526,0.8175237888494137,0.727752240140774,0.9166336790984294,0.11405490895032558,2,1
2023-02-21,-0.021576408624489722,-0.49034741770300333,0.8885141206800939,1.0387990595545233,0.6247861361528382,3,1
2023-02-22,-0.005070250597120534,-0.8139987478815816,-0.04769813508297716,1.044729064546955,0.5208478789028528,3,1
2023-02-23,0.012409729812462916,0.01906351259081456,0.12382813316388955,1.052908794752956,0.3147631027688904,3,1
2023-02-24,-0.022493664626307735,-0.12528168141859933,0.24919833364057858,0.9949987610418983,0.4097413009714614,3,1
2023-02-27,0.0032960779923632776,-0.03469921308333745,0.2829425552841326,0.9975076162445032,0.28071460494524114,3,1
2023-02-28,-0.0034313166891088076,-0.3471801936383175,-0.49659619796407783,0.8759925295217927,0.23591362609948288,3,1
2023-03-01,-0.013178352658946554,-0.24502345861260846,-0.5876488034905615,0.8220330145902676,0.214409005859608,3,1
2023-03-02,0.01899401128353426,0.0346391334501553,-0.10102214093661868,0.8194226414474209,0.03699717064692652,3,1
2023-03-03,0.01604032877960944,-0.2764537751010587,-0.12133020542214513,0.3401884052413356,-0.16012720463527835,3,1
2023-03-06,0.005701348154366184,-0.2769438202033847,-0.2031500610257655,0.20735581174532255,-0.13862258439540348,3,1
2023-03-07,-0.011114314119057674,-0.08177593337702567,-0.40902368504071374,0.2280284469308405,0.03699717064692652,3,0
2023-03-08,-0.0022409290422015526,-0.3877026511906006,-0.42339584666891955,-0.3298705424987271,-0.04902062670388698,3,0
2023-03-09,-0.005922773872897603,-0.6304893224905562,-0.5152180729427289,-0.3271960098387861,0.5781930771367284,3,0
2023-03-10,-0.015361941593179374,-0.9482747886292167,-0.6966081249788953,-0.3046845538885539,0.9706494057264436,3,1
2023-03-13,0.020745649968421286,-0.1938812169967512,-0.4092833873952666,-0.1263406884871097,1.27888035894004,3,1
2023-03-14,0.026227352089311196,0.29616376124303184,-0.09154441718125648,-0.2054809171399814,0.7789012709552933,3,1
2023-03-15,0.017204737637216423,0.32523112770140744,-0.21428347615417384,-0.09568325737627074,1.2107826796840553,3,1
2023-03-16,0.03926799743297538,0.5927539887359524,0.24733028924208897,0.34255210028963307,0.64629041458837,2,1
2023-03-17,0.011157699149677198,-0.627910152191433,0.2240738654653252,0.12770558728233222,1.0978843633866555,2,1
2023-03-20,-0.026573030814660056,1.1653556411119133,0.7372228556226772,0.2683145802259804,0.8541669290883408,2,1
2023-03-21,0.0052091083481423045,1.0452825616215196,0.6094039537407843,0.09934117254344405,0.3577720014442972,2,1
2023-03-22,-0.005926167076655854,1.0852009028897036,0.6443493567066298,0.10385833049140329,0.5154716383917983,2,1
2023-03-23,0.019060931581234838,0.2694714578126133,0.616419915111458,0.1504531094490978,0.5781930771367284,3,1
2023-03-24,0.00995735124785045,0.2476178202363008,0.3122075578664561,-0.060446656440538094,0.42228552035957884,3,1
2023-03-27,-0.015515150183123043,-0.26143443866556704,0.5548601903873696,0.06554212198091446,0.21799316620031098,3,1
2023-03-28,-0.004638190150157993,-0.2319165757115647,0.4331715113264403,0.07162041826220046,0.10509450809856813,3,1
2023-03-29,0.018533553077589283,-0.05603739124424834,0.4490305093795139,0.023119705113748522,-0.04722854653353549,3,1
2023-03-30,0.012071919544620726,-0.22132165330089856,-0.1663067619299989,-0.017263857085428165,-0.0651490064327074,3,1
2023-03-31,0.014382858293483293,-0.14529114889552083,-0.12809362387159579,-0.026903888810807713,-0.12249420466658306,3,0
2023-04-03,-0.004186723724522685,-0.5989217830562774,-0.681956760987435,0.0007330487833711648,-0.14937506541751241,3,0
2023-04-04,-0.0006430847217599183,-0.7245434778687281,-0.6619365432004838,-0.07129896355707332,-0.06873316677341038,3,0
2023-04-05,-0.010407347323162496,-0.6282883390666841,-0.5830281848030517,-0.012485378037399252,-0.054396867214941455,3,0
2023-04-06,0.024743716138689753,-0.14940577707797842,-0.4457033098578004,0.05033991407091001,-0.17625558436409874,3,0
2023-04-10,-0.008076146126103124,-0.18044701673246696,-0.38513942134929585,-0.031579235179507704,-0.07410940728446484,3,0
2023-04-11,-0.023398060975206445,0.2837532250087164,-0.17639458516646175,0.16053380789155539,-0.05081270687423847,3,0
2023-04-12,0.0018621370053530126,0.3011841398727565,-0.20349535469666755,0.02134775861486525,-0.052604787044589964,3,0
2023-04-13,0.02168344980517738,0.5939798836807707,-0.1394212901438984,0.06306864244694402,-0.28377800195478714,1,0
2023-04-14,-0.013316433194429033,0.19546712836249044,-0.07730325113974562,-0.2778652361820181,-0.41459677815135887,1,0
2023-04-17,0.00878423424323519,0.2849257285253078,-0.15117204719934113,-0.29164343328769077,-0.43610105658689075,1,0
2023-04-18,-0.0019581857655110537,-0.3321324135076247,-0.15861847995202696,-0.5687215597966155,-0.4576056768267657,1,0
2023-04-19,-0.00019166285153594733,-0.32024939151515,-0.1588106318409928,-0.569649802368627,-0.5239112759123987,1,0
2023-04-20,-0.008613866572608856,-0.907767509073007,-0.17878748474358747,-0.5511528189841183,-0.396676318252187,1,0
2023-04-21,-0.0016929149673872526,-1.190005143725481,-0.6101534161725469,-0.66319974661146,-0.4683578160445316,1,0
2023-04-24,-0.014529592641801306,-1.213321149552822,-0.533440814200584,-0.6140284208803354,-0.4468535376089997,1,0
2023-04-25,-0.023262742825106254,-0.7712463632154561,-0.5371994273564192,-0.5059680470706831,-0.11174206544881712,1,0
2023-04-26,0.06946316596547733,2.7600339417748563,1.6113525986752182,0.8232812741694182,-0.0974057658903482,2,1
2023-04-27,0.031056469470698934,2.859816257373818,1.7480990021365126,0.9494642382323869,-0.42176475702842187,2,1
2023-04-28,0.007471462876539888,2.7808636675796694,1.632113072192653,0.9362371145448102,-0.6457698221593846,2,1
2023-05-01,-0.006016675912343094,2.595425887616691,1.6763024535902846,0.9245187962280386,-0.5920086133640404,2,1
2023-05-02,-0.0009598858769693754,1.9585574553576495,1.6719259289243356,0.9168541701240281,-0.2873618204911471,2,1
2023-05-03,-0.0037811232209852956,-0.056613899103924496,1.688574757463209,0.923783081235409,-0.18700772358186468,3,1
2023-05-04,0.002843784237954775,-1.2999283758393132,1.6253844676888065,0.8830886840429257,0.126599128338443,3,1
2023-05-05,0.016543264594998813,-0.8482442715464703,1.6308786044968984,0.8139897007279767,-0.393092157911484,3,1
2023-05-08,-0.0069276486204632995,-0.8222210278323523,1.534050462122849,0.8083590240315904,-0.4307251578801793,3,1
2023-05-09,-0.005828745118483254,-0.7490209260786103,1.238711904037086,0.655288894938373,-0.29990638168360756,3,1
2023-05-10,0.016679989904830703,-0.5142833642571573,-0.54477552856343,0.6940684940708087,-0.4378931367572423,3,0
2023-05-11,-0.007538117520088832,-0.3525010339866693,-1.0713867198590905,0.644200794110413,-0.43968521692759377,3,0
2023-05-12,-0.004151552866504077,-0.676154164740114,-1.0931523022057112,0.5893106171378372,-0.42176475702842187,0,0
2023-05-15,0.001115931455729372,-0.7309977481388532,-1.1329234144535136,0.5823986051583243,-0.40563637729960145,0,0
2023-05-16,0.006872085463381228,-0.7644263274667326,-1.1061635808324997,0.5790262586211505,-0.24972916232679485,0,0
2023-05-17,0.008938467409389939,-1.0903299201005079,-1.0974097092502333,0.5823629150711694,-0.4504373561453597,0,0
2023-05-18,0.013823711578517013,-1.0942827859078004,-0.9976330071534895,0.5612847425553451,-0.5973848538750949,0,0
2023-05-19,-0.0010340333627413675,-1.2198457179084476,-1.1520927160372523,0.5591299064545401,-0.46118983716746864,0,0
2023-05-22,0.008413123325897713,-1.2976239490580803,-1.2212440358664356,0.4557686144230116,-0.389508339375124,0,0
2023-05-23,-0.019072825193737167,-0.32196898660352924,-0.845905892672784,0.39460265637603675,-0.1529588839538724,0,0
2023-05-24,-0.004951188238198091,-0.36197964567535246,-1.0138397860593658,-0.9810097662513088,0.11584698912067708,0,0
2023-05-25,0.03726813858626768,0.6879494168755345,-0.21894583436182458,-0.8158326530679179,-0.04364472799717552,1,0
2023-05-26,0.020691524652613886,0.8016865899629024,-0.15183062118515256,-0.7021835943538973,-0.2568971412038578,1,0
2023-05-30,-0.0055282784072795315,0.9134843228014901,-0.08311032536262662,-0.705777909215062,-0.3447073605293658,1,0
2023-05-31,-0.00901943169736213,0.606189487475434,0.03577759420338099,-0.6531133658694745,-0.2586892213742093,1,0
2023-06-01,0.012209900887501504,0.4463707428447901,0.05483968852091698,-0.6464405492748492,-0.6690663516674394,1,0
2023-06-02,0.007974912457320571,-0.4069442173986867,0.017796553829041623,-0.6416987265086077,-0.8572303260978869,1,0
2023-06-05,0.0011399383413302367,-0.851073202684988,0.006627249894848634,-0.699828286955136,-0.8339339674920035,1,0
2023-06-06,-0.007218699432470804,-0.8062980931144883,0.06581000317376991,-0.697421715758619,-0.9719208934678097,1,0
2023-06-07,-0.03182306182396839,0.23467977965823164,0.4219145577109102,-0.2920764894040669,-0.9755050538085127,1,0
2023-06-08,0.005328203711649868,0.06505380524650729,0.3988229796185058,-0.36139578246156384,-1.0274741824335054,1,0
2023-06-09,0.0042243095588333345,-0.02114253243160258,-0.2779823917240876,-0.3906718146100411,-0.9952174229758646,1,0
2023-06-12,0.014896414854039088,0.30145724228258775,-0.41109987597375436,-0.3562074301584952,-0.7837567481351908,1,0
2023-06-13,0.006857144106539768,0.33436396554407727,-0.3978778496998992,-0.3537393513653836,-0.8554384168297069,1,0
2023-06-14,0.008613696987752049,-1.4482596621630104,-0.433157419660534,-0.3487592975033509,-0.9862571930262786,1,0
2023-06-15,0.030929919388977496,-0.6203629554194747,-0.02193623856693244,-0.12173920535046974,-0.8751507859970588,1,0
2023-06-16,-0.017183276895351086,0.22537735075622023,0.17547065400068806,-0.01466585226549283,-1.0471865516008572,1,0
2023-06-20,-0.013050051028419779,0.4727592444489832,0.27217549573313143,0.05656077206740627,-0.9862571930262786,1,0
2023-06-21,-0.013839773316317928,0.6265896152757594,0.3387138553509361,0.11792372150994676,-1.1081159101754359,1,0
2023-06-22,0.01780095821755914,0.8081164539480298,-0.12656723799209682,0.05330827917967009,-1.1600850388004287,1,0
2023-06-23,-0.01437069773978172,-0.12868240630133027,0.04724450710580812,0.12354128483306723,-1.0651070115000292,1,0
2023-06-26,-0.019817615784312136,-0.07149100262631772,0.27060150720671566,-0.13048296460721276,-0.919951764842817,1,0
2023-06-27,0.01753614232683405,0.3820018502225447,0.31179544416232774,-0.16903500331559126,-1.0113458027046849,1,0
2023-06-28,0.0033498775860262005,0.24813304770156813,0.29499959903104167,-0.17524688185302603,-1.0668989207682091,1,0
2023-06-29,-0.0028536805704919284,-0.10290740779840839,0.25612841198514213,-0.20028832904487864,-1.0471865516008572,1,0
2023-06-30,0.01578415822737824,-0.04400011944807297,-0.15128105002268677,-0.1695913063544876,-1.0382263216512713,1,0
2023-07-03,-0.007984896219975135,-0.5518719688211278,-0.26421868582171343,-0.16633079422324398,-1.0418104819919742,1,0
2023-07-05,4.598776266119119e-06,-0.8479003337173576,-0.35183214874805635,-0.16682694818006177,-0.9324959842309344,1,0
2023-07-06,0.00871575709155768,-0.7767847106330882,-0.44627047270478776,-0.16183737497577166,-0.7066991807339632,1,0
2023-07-07,-0.012407337872608124,-0.5058482299111066,-0.543628755292761,-0.4651291274621154,-0.8160135075928316,1,0
2023-07-10,-0.016581148990661043,-0.6967915227516176,-0.500863828503285,-0.3627848694716807,-0.7730046089174248,1,0
2023-07-11,0.0014580506489481936,-0.6546404813371035,-0.7724930604333257,-0.3672881391092861,-0.8142214274224802,0,0
2023-07-12,0.013658058904946282,-0.31458447672116585,-0.8661449194535602,-0.37911441002753005,-1.0471865516008572,0,0
2023-07-13,0.015593677256045348,-0.11782737719459756,-0.7020326696018968,-0.31569885876973,-1.0346423322127398,0,0
2023-07-14,0.0070323535669744785,-0.34088367821972293,-0.701198387837153,-0.32325072081379186,-1.0830273004970297,0,0
2023-07-17,0.0009497432847443958,-1.1230219269358621,-0.8537670825057851,-0.667823954361741,-1.0579388617207948,0,0
2023-07-18,0.038559564679445664,-0.1640855572703056,-0.11068276826005344,-0.26747767802797107,-1.090195450276264,1,0
2023-07-19,-0.012811875565468459,0.4452496248613803,0.05082278318171375,-0.2698260160784787,-1.007761642363982,1,0
2023-07-20,-0.02386179628909155,1.0343362753065513,0.3885118553291115,-0.1364751736735763,-0.9665448238589267,1,0
2023-07-21,-0.009446060230368834,1.0679939809240937,0.3541479374606283,-0.19508092978161834,-1.0364342414809198,1,0
2023-07-24,0.003421837080526674,1.0786586613047606,0.1762615332268154,-0.2652348047518537,-0.9808811234173956,1,0
2023-07-25,0.016397449337829207,-0.007394701556789787,0.24709392392117593,-0.3534140738567579,-0.9898413533669816,1,0
2023-07-26,-0.03883278601212237,0.7887630912412669,0.9374093352918711,0.07654611527547119,-1.1099079903457874,1,0
2023-07-27,-0.021561709279454357,0.7465725750057083,0.9617268523901408,0.19892346315911855,-0.8912791657258792,1,0
2023-07-28,0.022399311893187224,1.3147226404706942,1.1732007954637402,0.34458785301426853,-1.0848193806673812,1,0
2023-07-31,-0.0077357365102927135,1.2790403586016186,1.1763033875364324,0.2853779735706056,-1.0310581718720369,1,0
2023-08-01,0.0007808301240270712,0.9526340054248003,0.3945174199400504,0.27240136060901177,-0.9772969630766927,1,0
2023-08-02,-0.027102989411467857,0.5134034819355824,0.5532198505568713,0.4508230044649194,-0.5902165331936889,1,0
2023-08-03,-0.003037005935159703,0.27691455844581553,0.44078674578978627,0.4184056940153018,-0.6206812124809782,1,0
2023-08-04,0.002954156188910539,-0.45149945909804523,0.470576625913152,0.3982661938354059,-0.4092205376403044,3,0
2023-08-07,0.006614466666214023,-0.27818838229970133,0.49998732825315084,0.3522997261114752,-0.6475617314275646,3,0
2023-08-08,-0.01284378447832984,-0.25536522176020465,0.275142467994883,0.3878811555654187,-0.6081369930928607,3,0
2023-08-09,-0.012253772020716371,-0.8669527525198457,-0.2745564828429205,0.34876938757887466,-0.6135130627017438,3,0
2023-08-10,0.0017014028280800293,-0.8236364780084638,-0.4487529755579191,0.2590318304603833,-0.6332254318690956,3,0
2023-08-11,-0.006431990562225113,-0.8898761184607022,-0.9834187299232163,0.22831975616517838,-0.8142214274224802,0,0
2023-08-14,0.008926036055917564,-0.7902329415856779,-0.8290760203430275,0.26780388945529593,-0.8178055877631831,0,0
2023-08-15,-0.007219066997123647,-0.9195634915807717,-0.8452487255010914,-0.30302584391963167,-0.5239112759123987,0,0
2023-08-16,-0.0029001576965189194,-1.1356440203538405,-1.3728300477454507,-0.31703366671322397,-0.4665657358741801,0,0
2023-08-17,-0.011515666869888795,-0.9957381440942195,-1.288070742086275,-0.42278483079878026,-0.2676496222259667,0,0
2023-08-18,-0.0017317512501016513,-1.0097738356528323,-1.3314022881156684,-0.42762822779162807,-0.3733799596463036,0,0
2023-08-21,0.016450022648363496,-0.6230967535378997,-1.0362380651198946,-0.3018666883153867,-0.40384463893359296,0,0
2023-08-22,0.0013314785526095459,-0.6859737304543474,-1.1349696801313816,-0.43700981886126905,-0.4325172380505308,0,0
2023-08-23,0.01351249153862146,-0.5251182984475767,-1.099836016535792,-0.8071172685368714,-0.6099290732632123,0,0
2023-08-24,-0.02220148962155471,-0.033115615393359145,-0.6892341933678109,-0.7967712635213563,-0.3913000777411325,1,0
2023-08-25,0.008894545152451151,-0.010184944386136423,-0.6521178166086125,-1.0032196708969858,-0.663690111156385,1,0
2023-08-28,0.001757990913775744,-0.23283410006139535,-0.7088959756533086,-1.0077556964843957,-0.7712125287470734,1,0
2023-08-29,0.013977075469409463,-0.07271231247142076,-0.6252820110172228,-0.9013033962107277,-0.8841110159466447,1,0
2023-08-30,0.000687763871070111,-0.21936745760389398,-0.6410607686853552,-1.2150939375125593,-0.9862571930262786,1,0
2023-08-31,-0.003606415879668694,-1.0907210748419336,-0.7603969766383631,-1.2133241900459988,-1.0418104819919742,1,0
2023-09-01,0.0022733578588280496,-1.1498220497804719,-0.7780688189877074,-1.2152276717296855,-1.1278282793427878,1,0
2023-09-05,0.01430038328459851,-0.9460009488579146,-0.819464602856386,-1.136985756554894,-0.9629606635182237,1,0
2023-09-06,-0.0024793732354711786,-1.0737741493286421,-0.7983898230256101,-1.2182465763272643,-0.8841110159466447,1,0
2023-09-07,-0.009430588348021712,-0.8495943660535114,-0.8157628145276621,-1.2509631886481651,-0.8930712458962307,0,0
2023-09-08,0.012660408738558181,-0.7030008191516923,-1.2580125124377715,-1.1847752769841022,-0.9934253428055131,0,0
2023-09-11,0.010450610683224046,-0.6503580969991862,-1.2391703049954828,-1.1810857877746876,-1.0005934925847475,0,0
2023-09-12,-0.018895021039036133,-0.28863795884680404,-0.8050930605259892,-1.0126491815885066,-0.92353592518352,0,0
2023-09-13,0.012379032738303757,-0.11965121957624593,-0.8339051307487638,-0.9904231234524986,-1.0579388617207948,0,0
2023-09-14,0.007356305982395885,-0.277482606826772,-0.8140582300019384,-0.9888261226480014,-1.176213418529249,0,0
2023-09-15,-0.02582439168970482,0.3084238377048371,-0.31481683472363536,-0.7420772689587665,-1.002385572755099,1,0
2023-09-18,-0.003987665910837395,0.10631956333611943,-0.30843759163929985,-0.7342268100020967,-0.9647527436885752,1,0
2023-09-19,-0.0017152854083912683,-0.11222779877667546,-0.460901446828447,-0.8270612017382419,-0.9450403745212234,1,0
2023-09-20,-0.024737715668808533,-0.10348149562582944,-0.16984243459936038,-0.5901550505250095,-0.7604602186271359,1,0
2023-09-21,-0.004341914989782165,-0.44879133123066456,-0.18747855016728923,-0.6680322094982603,-0.33037071916655386,1,0
2023-09-22,-0.008386361944805644,-0.797728796634744,-0.36320686848594835,-0.8217255356398739,-0.3913000777411325,1,0
2023-09-25,0.001201748349172198,-0.6841466582371225,-0.5093888680290946,-0.8610233702038265,-0.4450614574386482,1,0
2023-09-26,-0.017620492537044376,-0.6605175789329651,-0.5296058937501185,-0.7639833178339747,-0.07948530599117631,1,0
2023-09-27,0.001611588278165562,-0.9731373958470109,-0.7497838825326814,-0.8691470378520354,-0.20851234382173958,0,0
2023-09-28,0.002244985778167159,-0.8774287795145004,-0.8526048369624484,-0.8635026182371404,-0.36621163896489767,0,0
2023-09-29,0.006236244068227185,-0.792315124453149,-1.0316222474869723,-0.8316848202864503,-0.33395487950725683,0,0
2023-10-02,0.01851076240137907,-0.32999753858578507,-0.6297952645380678,-0.672394985026331,-0.31782649977843647,1,0
2023-10-03,-0.026950372985893627,0.14053609335095218,-0.2834308026257677,-0.5553948031036712,0.07104601027491883,1,0
2023-10-04,0.01714834228051062,0.35179761137534105,-0.31778163837259166,-0.4090909831557428,-0.14399882490645793,1,0
2023-10-05,0.0007845978447290392,0.3562883630312099,-0.32415631415914664,-0.42314896786772743,-0.16012720463527835,1,0
2023-10-06,0.02396750635914347,0.6499666700322517,-0.06914640205440382,-0.2685207041116453,-0.3464990988953743,1,0
2023-10-09,0.007323296359426811,0.5206119000012145,-0.06066295687725066,-0.29029831822138413,-0.30169812004961605,1,0
2023-10-10,-0.004813902750249061,-0.4894338144044389,-0.28740945022663056,-0.3907825890692181,-0.42176475702842187,1,0
2023-10-11,0.011728928834070408,-0.5817811554996617,-0.268188255941314,-0.3966492667802445,-0.5902165331936889,1,0
2023-10-12,-0.004266465143448153,-0.4557509256582036,-0.2188859635959513,-0.41966527473122817,-0.4826941156030005,1,0
2023-10-13,-0.01088011581033587,-0.7917440237650321,-0.09149410540263275,-0.604741873104303,-0.011387968539534698,1,0
2023-10-16,0.014401981087610493,-0.564933427409965,-0.15437813052492483,-0.5287780646083214,-0.389508339375124,1,0
2023-10-17,-0.002213866286437199,-0.6025671545506509,-0.7664555971959506,-0.5280438230196857,-0.2694417023963182,0,0
2023-10-18,-0.0063583883024989525,-0.7563184089216953,-0.8127741406006144,-0.7523782670826085,-0.029308428438706596,0,0
2023-10-19,0.0031902739231681946,-0.7421510033062244,-0.8169993109274918,-0.7627806355065941,0.3613561617850002,0,0
2023-10-20,-0.014602847642579178,-0.6042479584291885,-1.041278464661315,-0.7005464122691151,0.41690927984852433,0,0
2023-10-23,0.007610677260453673,-0.8885993048907171,-1.0370106440572282,-0.6845496291226209,0.17677634769525571,0,0
2023-10-24,0.0031987513007062677,-0.8411033208182135,-1.04565697997613,-0.835639858294478,-0.07410940728446484,0,0
2023-10-25,0.029748229014476768,0.03477737883921856,-0.49444992860942877,-0.5600695247296665,0.1445195882376149,3,0
2023-10-26,-0.03870464276987608,1.279439002282493,0.3440226331518921,0.009910944428153007,0.2323294657587799,2,1
2023-10-27,0.005369900895683235,1.1772377399154355,0.3110571230994557,0.007785801986990124,0.3380598031791168,2,1
2023-10-30,0.02201683372349723,1.3899603160653589,0.4385014666079536,0.046563437344108415,0.06566976976386436,2,1
2023-10-31,0.0019001848310113206,1.3925225516748176,0.43358385800632376,-0.2249420823846324,-0.2228486433802085,1,0
2023-11-01,0.02280129686041192,1.1962135612028126,0.577102065812468,-0.16481201457059233,-0.4504373561453597,1,0
2023-11-02,0.006011708841660671,-0.7139575191765655,0.5776197202261476,-0.16595465110957075,-0.667274271497088,1,0
2023-11-03,0.01231105573161895,-0.7932755414504102,0.4053154371667678,-0.27631082139732543,-0.8016772080343627,1,0
2023-11-06,0.010048442084574803,-0.9796157940184098,0.4086993880253758,-0.2667001528892542,-0.8052611974728942,1,0
2023-11-07,0.010687997504292909,-1.1847669029225725,0.4023708450089042,-0.27567970351501847,-0.8195974970313631,1,0
2023-11-08,0.0069097822991378,-1.6460702876014308,0.1504331261042567,-0.29246464528001054,-0.8841110159466447,1,0
2023-11-09,-0.0074031596125161804,-0.9625834683551127,-1.1381643847425158,-0.27222041105839495,-0.7335796996805496,0,0
2023-11-10,0.024123060025499878,-0.5523207108306116,-0.9733006330624059,-0.22752449046327355,-0.9342880644012859,0,0
2023-11-13,-0.008589760323365165,-0.2528108838359685,-0.8344198146366272,-0.19665094883010795,-0.828557726980949,0,0
2023-11-14,0.00927410295795302,-0.26933695735799684,-0.8664051831734195,-0.20525543725175494,-0.9360801445716375,0,0
2023-11-15,-6.28586663146603e-05,-0.2571696278665724,-1.0199060144866696,-0.23943307340289113,-0.9324959842309344,0,0
2023-11-16,0.016961953761005254,-0.32266448577394913,-0.9311410918462946,-0.19969433499154052,-0.9074075454546996,0,0
2023-11-17,-0.0174124021947612,-0.24048487731114723,-0.5452979874924039,-0.1602123722117508,-1.0005934925847475,0,0
2023-11-20,0.019845468366859315,-0.06757882776619648,-0.41415390862416984,-0.10171068476677812,-1.070483081108912,0,0
2023-11-21,-0.012114129653566525,0.14636109541137682,-0.2708820958147066,-0.0026679036104307738,-1.0812352203266782,1,0
2023-11-22,0.012262379050155339,0.22504346768767056,-0.2311127345046022,-0.17397074285206826,-1.1708371780181945,1,0
2023-11-24,-0.0015810142255434719,0.024536871836744828,-0.2908121839454002,-0.871385310349894,-1.2407267665423591,1,0
2023-11-27,0.002653024337305351,-0.40995814396302244,-0.5772836273724508,-0.8654959460984776,-1.199509948037304,1,0
2023-11-28,0.010276254268226611,-0.7336836590763194,-0.6371031158633838,-0.9649729174743019,-1.199509948037304,1,0
2023-11-29,-0.010579973467508445,-0.8042097897485774,-0.5343284272595801,-0.8586976984922389,-1.1475408194123111,1,0
2023-11-30,-0.00031014217131963286,-1.0243742474855764,-0.5335812111568626,-0.987674371235871,-1.1582929586300772,1,0
2023-12-01,-0.012148831291736738,-0.7899829141843183,-0.6094759295608302,-0.8814443391525684,-1.2102620872550698,1,0
2023-12-04,-0.01491127390597449,-0.6573820673549091,-0.6651740540372666,-0.7942494387447698,-1.1296203595131393,1,0
2023-12-05,0.008646016890108287,-0.7350522996224376,-0.939726170334935,-0.80277552474544,-1.1708371780181945,0,0
2023-12-06,-0.010504819423068436,-0.7361948751591424,-0.966547463172272,-0.7820913754873665,-1.1493327286804913,0,0
2023-12-07,0.00534415464554342,-0.6005621662336218,-1.1027064023781552,-0.7889184796776203,-1.1332043489516708,0,0
2023-12-08,0.008334589547041577,-0.5557774342766548,-1.0073255736192164,-0.7967741895473752,-1.2604391357097111,0,0
2023-12-11,-0.008328940276101962,-0.7929714841582546,-0.9883425500358124,-0.9957943393954726,-1.2102620872550698,0,0
2023-12-12,0.007792305645408855,-0.8152488019965767,-1.0402007865142253,-1.0054275398791406,-1.3106163550665237,0,0
2023-12-13,-0.0004954780291869498,-1.0916134389026475,-1.1039824124013895,-1.0402264532072392,-1.2891119057288203,0,0
2023-12-14,-0.02327104636618729,-0.31197670700393504,-0.7517594844701212,-0.8152717306061353,-1.2371427771038277,0,0
2023-12-15,0.01256315981414361,-0.18176627941796764,-0.6436299544901969,-0.8730297348377102,-1.272983526,0,0
2023-12-18,0.004696979503537056,-0.2044442102904127,-0.7796720722183176,-0.9816519616479881,-1.2228063066431873,0,0
2023-12-19,0.0011668607667831904,-0.279623017489016,-0.8367951410322392,-1.1724037375882816,-1.2281825471542418,0,0
2023-12-20,-0.007566424898558871,-0.2421637326417113,-0.8796706978514159,-1.2121223841715927,-1.0238900220928024,0,0
2023-12-21,0.007378930428677447,-1.0258731038235953,-0.8587599224502627,-1.264690623580873,-1.0274741824335054,0,0
2023-12-22,0.0023117688852823375,-1.2641057382699823,-0.9128614643072793,-1.2595132138911045,-1.1385805894627252,0,0
2023-12-26,-0.0002550902880760706,-1.2959796811557354,-0.9729794087608881,-1.265770718714169,-1.1457487392419596,0,0
2023-12-27,-0.0020447541000637396,-1.28240429589455,-1.0244979484966912,-1.334938536327189,-1.246102836151242,0,0
2023-12-28,0.002760839157570421,-1.5283548679318204,-1.0155303663898367,-1.3724570143662762,-1.2389346863720077,0,0
2023-12-29,0.0015544260756735783,-1.7292534798029415,-1.7000470163835533,-1.3694059988797909,-1.2425188467127106,0,0
2024-01-02,-0.014312553240335351,-1.108759853219644,-1.5558582785587514,-1.3409027808413556,-1.1081159101754359,0,0
2024-01-03,-0.001196916405951207,-1.1167601572044414,-1.5973442535520432,-1.452568403476874,-0.9575845939093408,0,0
2024-01-04,-0.0076721040435182054,-1.0744915644804978,-1.552428617030823,-1.4742342884037258,-0.9414562141805204,0,0
2024-01-05,-0.0009852944768706925,-1.1627652966615822,-1.603022235974714,-1.5285417250426119,-1.0812352203266782,0,0
2024-01-08,0.01822711273860423,-0.43648253302649487,-1.2430915933402624,-1.3537876813731071,-1.1296203595131393,0,0
2024-01-09,0.0024626752305507696,-0.7495629991032949,-1.2422794501685348,-1.388695174967346,-1.186965557747015,0,0
2024-01-10,0.017935154152362354,-0.5048070185287865,-0.9613375384939207,-1.26689637014973,-1.199509948037304,0,0
2024-01-11,0.00437899775108049,-0.8328394511512007,-0.9706253186618783,-1.2847615195490503,-1.244310926883062,0,0
2024-01-12,0.009465443492683082,-1.0435619988189977,-0.9304249260420303,-1.250746725954292,-1.1977178678669524,0,0
2024-01-16,0.004153988636062081,-1.181117147615854,-0.9315877045956101,-1.6061817437540693,-0.9934253428055131,0,0
2024-01-17,-0.0025205198481049974,-1.0167416094055681,-1.2012776718406348,-1.65678232271492,-0.8231816573720661,0,0
2024-01-18,0.010765354750130912,-1.314169616668182,-1.2071540181577174,-1.613743667938183,-0.9414562141805204,0,0
2024-01-19,0.011644374154675625,-1.2299822476932085,-1.4049597992154494,-1.5641348379772404,-1.090195450276264,0,0
2024-01-22,-0.005901459997926937,-0.9892273251568237,-1.2836035890431003,-1.583633822019586,-1.1099079903457874,0,0
2024-01-23,0.005541099060404902,-0.9831461462847471,-1.4452731035756772,-1.5917746333673317,-1.2245983868135388,0,0
2024-01-24,0.008664566323280479,-1.0757680636988511,-1.453681235018093,-1.5721903025941355,-1.118868049393202,0,0
2024-01-25,0.005253212548085741,-1.1372677474479704,-1.6591230892680853,-1.5773804888007164,-1.0633149313296777,0,0
2024-01-26,-0.0027930950930904553,-1.1965925074415276,-1.5742104518377231,-1.5720744118493195,-1.0973636000554985,0,0
2024-01-29,0.013763735750662573,-1.2158697370011096,-1.492614091170878,-1.5113785171537022,-1.0364342414809198,0,0
2024-01-30,-0.0032306995102847065,-1.046983178642139,-1.4174474575413523,-1.4855537565472228,-1.0884033701059126,0,0
2024-01-31,-0.027784507600906817,-0.008933215974445382,-0.5999550817473132,-1.1423979077659956,-0.9020313049436451,1,0
2024-02-01,0.015005254130981527,0.21978503992866713,-0.5343161095910036,-1.0891893994212412,-0.9862571930262786,1,0
2024-02-02,0.01778965632064864,0.45125759679773875,-0.4322252669838308,-1.0749701920079875,-0.9916332626351616,1,0
2024-02-05,-0.014106323806279616,0.4739752316534903,-0.3048438397612944,-0.9311137220015325,-1.0238900220928024,1,0
2024-02-06,-0.0008632304576474718,0.4746827759532573,-0.3115624335278457,-1.0102179000207372,-1.1332043489516708,1,0
2024-02-07,0.020421851773494173,-0.11162587448509542,-0.13265072934843028,-0.8929110121605155,-1.1744213383588975,1,0
2024-02-08,-0.0003236934966064411,-0.15262799989710515,-0.13519625106823832,-0.9697179507258612,-1.181589488138132,1,0
2024-02-09,0.014962922817758417,-0.22966323121632792,-0.06671090385047813,-0.9152793248911859,-1.1565008784597257,1,0
2024-02-12,-0.013127035678859283,-0.27018464222640187,-0.010325316003249166,-0.8158683338708275,-0.9772969630766927,1,0
2024-02-13,-0.02223242130812602,0.3166856928244248,0.23974180925726538,-0.5846796838454611,-0.6332254318690956,1,0
2024-02-14,0.009150235309859867,-0.025338505519563927,-0.16094545467804297,-0.5718973766194838,-0.8966552353347621,1,0
2024-02-15,-0.007649691318870549,-0.011163180713648283,-0.217924121709382,-0.5703748683392275,-0.9629606635182237,1,0
2024-02-16,-0.006636653351440958,-0.5258481611436987,-0.41155457939166157,-0.5941632779122114,-0.9217438450131685,1,0
2024-02-20,-0.0036168054872032346,-0.5585168241648316,-0.5138216693024908,-0.6028944997020893,-0.7102831701724946,1,0
2024-02-21,-0.0019842646514559195,-1.128978081552372,-0.5132478965639647,-0.6116862953334342,-0.7246194697309636,1,0
2024-02-22,0.022805089316848586,-0.3766263059031524,-0.4412657454998693,-0.4535547410304114,-0.8679826362178243,1,0
2024-02-23,-0.0036560932204049543,-0.44478846345040945,-0.43707558349478637,-0.4553260204548233,-1.0095537225343334,1,0
2024-02-26,-0.007315763867614386,-0.4300567044601102,-0.6246318488621597,-0.43862497917519666,-1.0113458027046849,0,0
2024-02-27,-0.0006158636152541604,-0.45895042222565974,-0.699355558006003,-0.5089487449459711,-1.0668989207682091,0,0
2024-02-28,0.00012020596994918441,-0.47573479533437724,-1.071202870434289,-0.5113416638565224,-0.9934253428055131,0,0
2024-02-29,0.013946695189449085,-0.9562654596929966,-0.9733935854561983,-0.7476084214706837,-1.0722751612792636,0,0
2024-03-01,0.004017849569585839,-0.9895230016208337,-1.034826808880423,-0.8201659197711498,-1.1242442899042564,0,0
2024-03-04,-0.0018654338729009222,-1.163831293652002,-1.089860236280036,-0.9426535194835224,-1.0561467815504433,0,0
2024-03-05,-0.03048683400471842,0.12901244782159646,-0.3601559863559023,-0.6507601514574349,-0.8823189357762932,1,0
2024-03-06,-0.0018603660465907573,0.12072357075891609,-0.3603793781803484,-0.6503114560641076,-0.8751507859970588,1,0
2024-03-07,0.016912939764582188,0.2230505194785673,-0.5201114532166057,-0.7032518930371768,-0.8859030961169962,1,0
2024-03-08,-0.007631423610657812,0.17960499339667288,-0.49656766082210047,-0.6872169610202535,-0.832141887321652,1,0
2024-03-11,-0.004662369302416004,0.16910900253437383,-0.5132596044361663,-0.7957833779463185,-0.746123919068667,1,0
2024-03-12,0.025783127503370338,-0.1057130690749531,-0.105964998575455,-0.565011837592932,-0.9934253428055131,1,0
2024-03-13,-0.0009021586117133739,-0.12060377276755452,-0.1039175176101653,-0.7567760277495206,-1.0095537225343334,1,0
2024-03-14,0.023618697820779903,0.06914054271519637,0.07547004417923776,-0.5860009801582294,-0.8930712458962307,1,0
2024-03-15,-0.021381048375996872,0.5619433824650385,0.3238512931485893,-0.431471824085468,-0.8912791657258792,1,0
2024-03-18,0.0016901911746292683,0.4942977855286855,0.32378986988480574,-0.45146099808512385,-0.9056154652843481,1,0
2024-03-19,0.009284291801043258,0.10171563322329417,-0.21332492057230662,-0.4390459415063016,-0.9970095031462161,1,0
2024-03-20,0.00855522704331835,0.10938450612062421,-0.22891976568623604,-0.42993762505816957,-1.1367885092923737,1,0
2024-03-21,0.009220183724157192,-0.3081053405832687,-0.30666123975987486,-0.5670421000526241,-1.1582929586300772,1,0
2024-03-22,-0.0019368887739797972,-1.3242473047008325,-0.3739636223743585,-0.5727335275409523,-1.1332043489516708,1,0
2024-03-25,-0.014278385418150286,-0.6664107304181902,-0.20977496385653144,-0.5098824410473061,-1.1099079903457874,1,0
2024-03-26,-0.0033341425184815815,-0.7491710604927042,-0.5324288809893829,-0.5034439197758283,-1.1009477603962015,1,0
2024-03-27,-0.000990541193112043,-0.920369472271543,-0.5321867253094904,-0.5021254688620541,-1.1833815683084834,1,0
2024-03-28,-0.002154896525624925,-1.282201660380055,-0.9674744148623394,-0.562103916479952,-1.1421645789012567,0,0
2024-04-01,0.008640676033907177,-0.9457876665677174,-1.3456521516056321,-0.542304275609791,-1.0274741824335054,0,0
2024-04-02,-0.007868090832409242,-1.2122662468607261,-1.2590949910067295,-0.5190204558075336,-0.8554384168297069,0,0
2024-04-03,-0.0028205235531589315,-1.2176418878016442,-1.3484722712157684,-0.9011681918951786,-0.9056154652843481,0,0
2024-04-04,-0.006599928219951199,-1.1551065297862921,-1.436634476018093,-0.8779074993638314,-0.5436234741775792,0,0
2024-04-05,0.01764897580226211,-0.5846898279857221,-1.1534957290010994,-0.868146095001354,-0.6009686724114548,0,0
2024-04-08,-0.0026566641392354075,-0.662721098680211,-1.1522240224892,-0.8964918768491745,-0.7515001595797215,0,0
2024-04-09,0.0035038387166176845,-0.7664230323703097,-1.334415366080677,-0.9140542416638595,-0.7891329886462453,0,0
2024-04-10,-0.007578425504639348,-0.6670579028633998,-1.281610412785449,-1.1485204025936884,-0.6421856618186816,0,0
2024-04-11,0.010504239973588703,-0.7001607880619344,-1.1786474583743975,-1.1050032560298935,-0.8016772080343627,0,0
2024-04-12,-0.014660005593456015,-0.7458941735073926,-0.9710213607084603,-1.2686576422605078,-0.3715878794759521,0,0
2024-04-15,-0.020240867067623212,-0.3708667425241155,-0.7723820972427335,-1.2920083499113455,-0.027516348268355105,0,0
2024-04-16,0.0018011954125641818,-0.40766390180881706,-0.7790265190277613,-1.291716759828005,-0.17625558436409874,0,0
2024-04-17,-0.007099691455442699,-0.40932654090044407,-0.7614686166503749,-1.3310071483789288,-0.21030442399209107,0,0
2024-04-18,-0.019020624815955293,-0.8125432023456105,-0.5845495205008425,-1.2478829829568572,-0.24793708215644333,0,0
2024-04-19,-0.013289489492853494,-0.823332449529256,-0.9448799321250154,-1.282765694867438,-0.12070246630057457,0,0
2024-04-22,0.0041308773103171615,-0.7350871444165298,-0.8618623171931395,-1.2514755492127523,-0.4378931367572423,0,0
2024-04-23,0.015882411679979374,-0.20353552792327376,-0.5759344389914498,-1.137287469068203,-0.661898201888205,1,0
2024-04-24,0.003180236147349979,-0.1828268797388197,-0.5426967635975214,-1.124502455205555,-0.6117209825313923,1,0
2024-04-25,-0.025268789529278884,0.07514836770119217,-0.45986017959212633,-0.8958494261660348,-0.7192434001220807,1,0
2024-04-26,0.01761087457304689,0.20142022355328515,-0.16721237729919858,-0.727434352841038,-0.7801727586966593,1,0
2024-04-29,-0.010536020068842869,0.32917930388686273,-0.3024252604291637,-0.7539002648942997,-0.8446861067097694,1,0
2024-04-30,-0.03311515869391649,0.6414634061908843,0.11688792709087202,-0.4390750826074522,-0.6690663516674394,1,0
2024-05-01,0.013837962258899997,0.9082035849463096,0.30749618673336176,-0.3297507172359091,-0.7156592397813777,1,0
2024-05-02,0.006847393101473962,0.6776479537644223,0.23839823913091424,-0.2991585345999245,-0.8428940265394179,1,0
2024-05-03,0.02145887304183971,0.7933893353490573,0.38704126550424267,-0.2427315671020666,-1.0561467815504433,1,0
2024-05-06,0.01630806564949001,0.8129863871419479,0.4798744576604757,-0.13196158508364575,-1.0561467815504433,1,0
2024-05-07,-0.010676725902421427,-0.3964447673126167,0.447879174390764,-0.11906478958238487,-1.102739840566553,1,0
2024-05-08,0.0024585991214527594,-0.38866434054515747,0.44595022784779625,-0.12104922644999522,-1.1439566590716082,1,0
2024-05-09,0.003857675147631152,-0.37636785613258855,0.10139755481374316,-0.16033256109375082,-1.199509948037304,1,0
2024-05-10,0.005383355586995187,-0.7599279384950748,-0.02027574403799396,-0.1964596724680072,-1.2245983868135388,1,0
2024-05-13,-0.0029311273972235257,-1.1493215140997914,-0.09377892185384773,-0.31836027012350415,-1.0364342414809198,1,0
2024-05-14,0.006372541530732177,-1.5186355067491764,-1.0792429241475308,-0.3047624636344234,-1.0686910009385606,0,0
2024-05-15,0.016864137125482823,-1.0770147671631316,-1.0293294502554708,-0.23324620206555416,-1.2425188467127106,0,0
2024-05-16,-0.005420891346795086,-0.8634657125688163,-0.9158622419283102,-0.3559991589863047,-1.2478949163215936,0,0
2024-05-17,-0.002323068064017172,-0.8156868495490991,-1.1498357020582037,-0.4297437702804208,-1.3249526546249928,0,0
2024-05-20,0.011665524571387833,-0.79586801410332,-1.2570434825092793,-0.4007883831017454,-1.296280055508055,0,0
2024-05-21,0.008192680109982545,-0.7855637718724559,-1.463917090828357,-0.452766969259355,-1.3482491841330475,0,0
2024-05-22,0.002974915918811555,-1.080506513904385,-1.4661842170772672,-0.4528967651153456,-1.2711914458296485,0,0
2024-05-23,-0.008678413055487567,-0.9480137564587726,-1.2818183046986285,-0.6931704035774272,-1.1851734775766636,0,0
2024-05-24,0.006904680348277777,-0.9846615244327401,-1.2723607309539717,-0.7736682312199296,-1.3357047938427586,0,0
2024-05-28,-9.693276720408811e-05,-1.1255949408782897,-1.3035613857424604,-0.842191572668811,-1.1582929586300772,0,0
2024-05-29,-0.0031446452987122374,-1.2278811673724634,-1.2710947568308364,-1.4719427603754034,-0.914575695233934,0,0
2024-05-30,-0.03483879657905766,0.05701500298585967,-0.49068460154019483,-0.8297879633065541,-0.8805268556059417,1,0
2024-05-31,0.0006400185678608236,0.11205317803327526,-0.49245458344214943,-0.8392100141183323,-1.1582929586300772,1,0
2024-06-03,-0.004354542456526519,-0.08182215076091352,-0.4887193749050232,-1.004127114664095,-1.1242442899042564,1,0
2024-06-04,0.005678968254781177,0.04390946915940516,-0.5795882454452781,-1.1090407943369633,-1.1152840599546703,1,0
2024-06-05,0.01843492995874077,0.5316161914897001,-0.3681068784068356,-1.0228583986180513,-1.2102620872550698,1,0
2024-06-06,0.0007333954641544194,-0.8764011806866437,-0.3784179611623515,-1.0232573052614482,-1.2192223172046557,1,0
2024-06-07,-0.0020481508285177187,-0.8315106446595097,-0.4109971709315905,-1.0219654851421496,-1.2837356652177658,1,0
2024-06-10,0.00897101243622653,-0.9664030008187211,-0.386928900508713,-1.0024300655114453,-1.190549718087718,1,0
2024-06-11,0.010710430369115738,-0.9399725675198655,-0.30849686339179017,-0.9738500150833286,-1.1708371780181945,1,0
2024-06-12,0.01871381531090369,-0.9279449709087304,-0.13641928869879097,-0.8641885111129255,-1.3159924246754067,1,0
2024-06-13,0.0007096002126695298,-0.927334698312267,-1.2582294018792188,-0.9567100559469631,-1.3339128845745787,0,0
2024-06-14,0.0017708145094671268,-1.0505860482532112,-1.2695988572374135,-0.9798763471885121,-1.2048860176461869,0,0
2024-06-17,0.012551457829764691,-1.0166008578763772,-1.3715920444132692,-0.9446327721955973,-1.1887576379173665,0,0
2024-06-18,-0.005006476810986075,-0.7574804794935897,-1.2127730167508795,-0.9587210053089611,-1.269399365659297,0,0
2024-06-20,-0.0019035661853675943,-1.1374910855328797,-1.3330908795282734,-0.971583849541146,-1.093779610616967,0,0
2024-06-21,0.00864385679281242,-1.0557068817325226,-1.3371855181217618,-0.9506334018546829,-1.1081159101754359,0,0
2024-06-24,-0.005170973397220822,-0.9357764638639869,-1.2762328976356732,-0.9774178389810338,-1.0848193806673812,0,0
2024-06-25,0.00683149824150181,-1.1426863023502407,-1.2903056588699575,-0.9777382576872963,-1.172629258188546,0,0
2024-06-26,0.002210930063477281,-1.2462935137125057,-1.3301788318665766,-0.9795508721937953,-1.2245983868135388,0,0
2024-06-27,0.0010562266206592904,-1.2940267863858812,-1.6444445634295168,-0.9912614260299524,-1.2801516757792344,0,0
2024-06-28,-0.013582866944072475,-0.9794499918750786,-1.3481603389262216,-1.5804358434008154,-1.244310926883062,0,0
2024-07-01,0.02117695818342015,-0.39552657617954484,-0.9708313831774483,-1.4107644232851155,-1.2837356652177658,0,0
2024-07-02,0.005099040000429552,-0.407043102236935,-1.0584399024792173,-1.4548352304624188,-1.3177845048457582,0,0
2024-07-03,0.002770182299198487,-0.40813046271905606,-1.1090014847836722,-1.4532488266962047,-1.3070321947258208,0,0
2024-07-05,0.014160106504341933,-0.31042076353151216,-1.030503352625281,-1.511194592167853,-1.2371427771038277,0,0
2024-07-08,-0.003295862548427357,-0.7514250146061061,-1.0078546282920695,-1.4849542722888625,-1.2568551462711797,0,0
2024-07-09,-0.01494316758772564,-0.6108110033247277,-0.7991800418773765,-1.3100039602238156,-1.2317665365927732,0,0
2024-07-10,0.014027209697395498,-0.416387707313946,-0.7112114683689371,-1.2693747715557826,-1.1708371780181945,0,0
2024-07-11,-0.0255527567301834,0.25252966938662774,-0.2253244764958419,-0.9202238955878358,-1.1582929586300772,1,0
2024-07-12,-0.0030010521206327977,-0.09837144408283148,-0.22116448272752035,-1.0424802384067215,-1.2407267665423591,1,0
2024-07-15,0.00043495977770781,-0.06072505512564096,-0.340291703737735,-1.0423933937365142,-1.122452209733905,1,0
2024-07-16,-0.01029743374740768,-0.1332217725564186,-0.5880161528742589,-0.9896641038596984,-1.1099079903457874,1,0
2024-07-17,-0.01390603180634377,-0.688835840360126,-0.5509756886700121,-0.9820376832046196,-0.8787349463377617,1,0
2024-07-18,-0.007596340313745143,-1.2573657771690974,-0.580873981407336,-0.9701385130069918,-0.6188891323106267,1,0
2024-07-19,-0.007899269342502086,-1.311625795838029,-0.8918643880859165,-0.9512410017577086,-0.5131587948902898,1,0
2024-07-22,0.01278090049079642,-0.651981564653012,-0.615641874308032,-0.9083236395119106,-0.8016772080343627,1,0
2024-07-23,0.003834246158619182,-0.6206249756131662,-0.6399434039688573,-0.9057043447499106,-0.8357258767601835,1,0
2024-07-24,-0.036982022950391484,0.40381283256244377,-0.28711667456429296,-0.45860996612359023,-0.2407687614750374,1,0
2024-07-25,-0.025254476565770956,0.6181757524819663,-0.29318713689717557,-0.3098592569082032,-0.1655034451463328,1,0
2024-07-26,0.015817488436098284,1.037551103239399,0.015117567807134451,-0.18949114539883222,-0.5364554953005162,1,0
2024-07-29,0.002958815286882777,0.836054850093401,0.038126239518278926,-0.2120831375225726,-0.49882249533182094,1,0
2024-07-30,-0.009437241784509704,0.7104523886075017,0.035126048193312144,-0.40543241791989715,-0.30349020021996753,1,0
2024-07-31,-0.011333322736514452,-0.006634459882485654,0.018028231079414446,-0.4238422298547684,-0.5418313940072277,1,0
2024-08-01,-0.0034372847458798337,-0.5861323901062856,0.020658161101121016,-0.4454450220088099,-0.14220674473610645,1,0
2024-08-02,-0.021351119800732773,-0.8258356568891668,0.13494594957202127,-0.5148892718685655,0.7179719123807147,3,1
2024-08-05,-0.033670664311917724,-0.4733319727668049,0.17689581071170762,-0.2934610680387228,3.43828740258385,4,1
2024-08-06,0.010755065668940219,0.17217946269939463,0.306281622373228,-0.1923710256085348,1.4921327721467221,3,1
2024-08-07,-0.0034260380327187515,0.22548240215117488,-0.06590430631728353,-0.34458330627967343,1.5172215527273,3,1
2024-08-08,0.010166572975859793,0.5115944280619126,-0.12496513567474779,-0.3508472018280979,0.7896537519774022,3,1
2024-08-09,0.007766772279942412,0.4055595733313075,-0.2817111169537083,-0.28810914659960807,0.17677634769525571,3,0
2024-08-12,0.001475210626195221,-1.203156079755145,-0.29514617556621336,-0.2833125177471945,0.23770536446549137,3,0
2024-08-13,0.017075158226813405,-0.9760883688786434,-0.055635585299658806,-0.12999981145747563,-0.22643246191656846,1,0
2024-08-14,0.006391705393265102,-1.2559705631508686,-0.07062654548363755,-0.12592601016096538,-0.572296073294517,1,0
2024-08-15,0.011285668149506822,-1.2433830925200526,-0.005447493083987426,-0.067755658922373,-0.744332009800487,1,0
2024-08-16,-0.006567442721962448,-0.8290711036317789,-0.2657878044796772,-0.07157645449513182,-0.8213895772017146,1,0
2024-08-19,0.0068170212962680955,-0.8733595973002287,-1.4206448245263452,-0.11804839622289093,-0.8482702670504724,0,0
2024-08-20,0.007258703772168704,-1.1209696668204687,-1.4467229777556228,-0.10021811434884162,-0.6278493622602127,0,0
2024-08-21,-0.0020234366285759448,-1.0449035000158184,-1.4774841930744687,-0.5147608354926952,-0.5579597737360481,0,0
2024-08-22,-0.020929331162044637,-0.5095569682360375,-0.8658092743523071,-0.5853976893742964,-0.3285789808005454,0,0
2024-08-23,0.002510926469585545,-0.5057544664235067,-0.8879672115555148,-0.6886254413848019,-0.6314335226009157,0,0
2024-08-26,-0.008417929071541213,-0.5915028703521753,-0.8026726273856426,-0.6792975825350395,-0.579464393975923,0,0
2024-08-27,0.00037739254134958576,-0.7809223466008448,-1.0358195807740764,-0.7007766927192396,-0.7084910900021432,0,0
2024-08-28,-0.008328495991710459,-0.8055921635554333,-1.0384411485798206,-0.7206269857398668,-0.40742845746995293,0,0
2024-08-29,0.005649843192853074,-1.1655991579410598,-1.1516241154642866,-0.7050215503069152,-0.6690663516674394,0,0
2024-08-30,0.009215282123959166,-0.9637865592209124,-1.063742767516275,-0.8520255209573331,-0.7855488283055423,0,0
2024-09-03,-0.01910028407224459,-0.5306337208021524,-0.8791798873739591,-1.2128703049571758,0.23949744463584285,0,0
2024-09-04,-0.001788297514330379,-0.5424311265177224,-0.9807410477809102,-1.2555080852921137,0.34701986222653125,0,0
2024-09-05,-0.0017167882870929578,-0.5956345060893466,-0.9794437885516575,-1.2613684361995567,0.0925502887104507,0,0
2024-09-06,-0.01698574416343726,-0.4781249259789997,-1.0867365213804137,-1.1650573486612261,0.5369759168273301,0,0
2024-09-09,0.00948899259709525,-0.46683975844555253,-0.9661148287684955,-1.1500207214347187,0.011908731870691669,0,0
2024-09-10,0.02021713753694131,-0.2108459308765504,-0.6215756356427066,-0.9650831342555749,-0.054396867214941455,1,0
2024-09-11,0.02064916277972051,0.04437399874766122,-0.3547344670280856,-0.908745604032465,-0.30349020021996753,1,0
2024-09-12,0.008848654874100598,-0.03782088637572726,-0.40581343075405724,-0.8944237601309407,-0.41459677815135887,1,0
2024-09-13,0.00790355434676674,-1.1652902224186121,-0.39646831213608746,-0.9199449088604269,-0.5059908160132268,1,0
2024-09-16,0.0012715531671199727,-0.9112953646815306,-0.4166688936528417,-0.9435707219441426,-0.4020525587632415,1,0
2024-09-17,0.00832559047934667,-1.0917534069832107,-0.7931014738837601,-0.935108437225411,-0.31782649977843647,1,0
2024-09-18,-0.010492345035087456,-0.9349485100964784,-0.6439916147407133,-0.9002408599563618,-0.20672026365138807,1,0
2024-09-19,0.01765716393760615,-0.6586308441668823,-0.5816414057406925,-0.7847119923047022,-0.5472076345182821,1,0
2024-09-20,-0.008295312787009653,-0.49514133635633495,-0.8403480143524444,-0.9556611092548496,-0.579464393975923,0,0
2024-09-23,-0.004520204887053572,-0.45263803496641425,-0.7438276047240997,-0.9393172616890961,-0.6260572820898612,0,0
2024-09-24,-0.010530313147219243,-0.4650583418417031,-0.7544351162115561,-0.919464576255026,-0.7156592397813777,0,0
2024-09-25,0.006358423276590335,-0.4883956595996166,-1.0194967272068987,-0.9101265190027521,-0.7120752503428462,0,0
2024-09-26,-0.0023218568131011435,-1.1502429294669918,-1.0639905513691983,-0.9471653690776873,-0.7192434001220807,0,0
2024-09-27,-0.008125894119200706,-1.1538432057678312,-1.0686184542246395,-0.9129440114539054,-0.43430931822088226,0,0
2024-09-30,0.004844033779342181,-1.0244569723940196,-1.0424915125233492,-0.9348461219065086,-0.4755261367259375,0,0
2024-10-01,-0.023054916029682886,-0.46805454976399286,-0.7733157356403879,-0.8608160945954578,-0.022140107757300638,0,0
2024-10-02,-0.008967042689965567,-0.6738357254789519,-0.7875405451608134,-0.8246512870358325,-0.08665362667258227,0,0
2024-10-03,-0.001884063262913337,-0.6665819499000357,-1.2283113358561188,-0.8243320037568806,0.1982806261307876,0,0
2024-10-04,-0.0016217557890687204,-0.6288898738535201,-1.2233223984290928,-0.95696208205042,-0.031100508609058084,0,0
2024-10-07,-0.016263506137473946,-0.7996394505263384,-1.1099628612929457,-0.8682937066833702,0.5835689758434399,0,0
2024-10-08,0.01207615682153841,-0.6467371824906163,-0.8767127188237807,-0.9826548169199749,0.36494032212570315,0,0
2024-10-09,0.0061405335697716544,-0.6282091381547317,-0.88037985172197,-1.1723790325026597,0.2645862252164207,0,0
2024-10-10,-0.004356708500726543,-0.6094245105779473,-0.8826778610480394,-1.220388347181893,0.2771304446045382,0,0
2024-10-11,0.000684877498711136,-0.6087051268402349,-0.8832594799399216,-1.2658454481031276,0.19290438561973314,0,0
2024-10-14,0.006282148289923503,-1.189238196941652,-0.8625216830545426,-1.236493562307421,0.05670971071644991,0,0
2024-10-15,-0.0014235071661925244,-1.3864863000138479,-1.2761906004739856,-1.2919514373232868,0.22516114507737395,0,0
2024-10-16,-0.006745188347161424,-1.345983380384817,-1.3106261001155366,-1.3165542052288206,0.03520509047657504,0,0
2024-10-17,0.0009722545570019318,-1.3848498881413516,-1.3099092132809018,-1.5384563017193087,-0.04902062670388698,0,0
2024-10-18,0.0029809226809566864,-1.359766442668664,-1.3009506056062423,-1.5371323549887066,-0.24256084164538888,0,0
2024-10-21,0.0010129763862192997,-1.5054374139782971,-1.6869390033956395,-1.5333007815884994,-0.18163148307081023,0,0
2024-10-22,0.020163361798446796,-0.7184073465955919,-1.3797353173561049,-1.3197833954781608,-0.21209616235809955,0,0
2024-10-23,-0.007298873053618674,-0.6996989003328644,-1.3034238317227063,-1.3274344677374406,-0.025724268098003617,0,0
2024-10-24,-0.00016258921134228345,-0.6888445841733289,-1.3383476850102094,-1.327322939353451,-0.054396867214941455,0,0
2024-10-25,0.0075513472104939425,-0.668017651194408,-1.3054044300952385,-1.3181416966874575,0.16960802701384978,0,0
2024-10-28,-0.004118896677590325,-0.5869751538519646,-1.2885897521646046,-1.3279252987416195,0.0746298288112788,0,0
2024-10-29,0.012017654113882932,-0.9594488068903861,-1.193842869214012,-1.543694559758239,-0.007803808198831719,0,0
2024-10-30,0.0008731864166625461,-1.1610364936490456,-1.2898584987420643,-1.6054858205950902,0.17319218735455275,0,0
2024-10-31,-0.06290547828350082,1.9071853732208885,1.0027314622166172,-0.004572119944551167,0.6767550938756594,2,1
2024-11-01,0.009375526919157455,1.9404102132981595,1.0465923540013333,0.030554577722981285,0.4473739591358137,2,1
2024-11-04,-0.005133828134212035,1.9357770358436102,1.0437678638520174,-0.03552577306789928,0.4652944190349856,2,1
2024-11-05,0.0068491324660831425,1.8325282489773689,0.8632972976282368,-0.06826237546667537,0.1982806261307876,2,1
2024-11-06,0.02050283321042154,2.2075498377450478,1.0715501210161025,0.05200754496117962,-0.5579597737360481,2,1
2024-11-07,0.011948439260751275,-0.80140991557698,1.134056342894243,0.08604851734834705,-0.74970807940937,3,1
2024-11-08,-0.007284915393445029,-0.49830992859204226,1.1208735957519658,0.10367466214813333,-0.7963011384254797,3,1
2024-11-11,-0.011247311080331487,-0.29631248373019425,1.1505635003690566,0.12733784272996101,-0.7909248979144252,3,1
2024-11-12,0.011468981400680487,-0.24671592558967126,1.1446946248150902,0.16679036991967666,-0.837517956930535,3,1
2024-11-13,0.004647896027630306,-0.6229019734006269,1.1591834785592854,0.15779792435531914,-0.9611685833478723,3,1
2024-11-14,0.003498073092215639,-0.8020967226290983,-0.9985586398187773,0.16006499870335117,-0.9091994547228796,0,0
2024-11-15,-0.028716476192852766,0.06170815401509573,-0.31669928552020765,0.3856751280532601,-0.5812564741462745,0,0
2024-11-18,0.0013608768291203453,0.007777456067967202,-0.3398990127112533,0.3860540984098479,-0.6816105710555569,0,0
2024-11-19,0.004402104953858423,-0.14431697831283094,-0.35357705432956715,0.2696730959795263,-0.5436234741775792,0,0
2024-11-20,-0.0059890104473786215,-0.22454811817227666,-0.6212806351790117,0.26598700635487527,-0.3984683984225385,0,0
2024-11-21,-0.0047948675818401424,-0.32810125175126986,-0.7715384411747772,0.26807452031968665,-0.4504373561453597,0,0
2024-11-22,0.009484859008078146,-1.163255703856921,-0.681685862870443,0.279086857236966,-0.7425399296301355,0,0
2024-11-25,0.0038146251449974523,-1.145888930173005,-0.7471693167637439,0.28496616318855555,-0.8572303260978869,0,0
2024-11-26,0.021261456094031767,-0.5574961065385793,-0.5212152020430713,0.3743616076021596,-0.9468322837894033,0,0
2024-11-27,-0.012219750281376443,-0.3400963503555308,-0.43462710836925317,0.4061153927959411,-0.9468322837894033,0,0
2024-11-29,0.0006417192622526717,-0.4242802922746136,-0.4458890056678308,-0.8951808850535888,-1.0525626212097403,0,0
2024-12-02,0.01713411329896052,-0.27380949952919864,-0.9230264079685255,-0.8216559475474018,-1.0830273004970297,0,0
2024-12-03,4.158893853266484e-05,-0.2400324462957944,-0.9168788250648106,-0.841941227013866,-1.090195450276264,0,0
2024-12-04,0.013853145338009515,-0.4785394612848884,-0.8343718278769605,-0.7969633282460823,-1.0633149313296777,0,0
2024-12-05,0.011349006397368692,-0.9882742781764553,-0.9061215656018075,-0.8992463383725611,-1.0471865516008572,0,0
2024-12-06,0.001675422525107387,-1.0205248782390204,-0.995082795347289,-0.9418343522366254,-1.1851734775766636,0,0
2024-12-09,0.005039547687905441,-1.2179338263106074,-1.0012777201605279,-0.9757018544552959,-0.9307040749627544,0,0
2024-12-10,-0.006518131408879195,-0.9526953347343267,-0.8753097345502355,-1.0233730489046267,-0.9324959842309344,0,0
2024-12-11,0.012217595744641591,-1.0062141970172944,-1.0650261583678229,-1.0171528747988474,-1.0400184018216228,0,0
2024-12-12,0.0008001032185535321,-1.1162283652732208,-1.3521236372579204,-1.0178810003394814,-0.9790890432470442,0,0
2024-12-13,-0.00557565110125498,-0.9939749526069701,-1.2451066221332232,-0.9917650904071381,-0.998801412414396,0,0
2024-12-16,0.009143491539897892,-0.9057954048933055,-1.398902449678918,-1.4718103552391413,-0.841102117271238,0,0
2024-12-17,0.005866614014438327,-1.0874852705998888,-1.420679040848272,-1.4736417886361135,-0.6296414424305642,0,0
2024-12-18,-0.038753231081367696,0.470890278273909,-0.19805981754547164,-0.6716537373203905,1.4760047342222449,3,1
2024-12-19,-0.001292194587569708,0.45127282124600476,-0.2912808765315021,-0.6922893401582826,0.8434147898705749,3,1
2024-12-20,-0.0014529346101719845,0.46626366587817736,-0.29899659470752843,-0.7062554773742823,-0.1834235632411617,1,0
2024-12-23,-0.0035655326797994474,0.26134230078473025,-0.33335954214453656,-0.7160645615704785,-0.4665657358741801,1,0
2024-12-24,0.008861465194692301,0.34037398291477067,-0.2705141166969712,-0.6981664332327184,-0.9163676045021141,1,0
2024-12-26,-0.00324948545686932,-1.3296169095799777,-0.3988066402745441,-0.849706789175306,-0.8339339674920035,1,0
2024-12-27,-0.017921595108769957,-0.7677901023388484,-0.28825275661471317,-0.7768746375824722,-0.6153051428720953,1,0
2024-12-30,-0.013796659948904477,-0.6530539506745594,-0.243566183537541,-0.70106301491989,-0.35545949974713176,1,0
2024-12-31,-0.00833794172630726,-0.659744543290678,-0.3931605932993354,-0.8095521415784114,-0.3644195587945462,1,0
