Date,normalized_returns,vol_5,vol_10,vol_20,market_vola,top_level_state,sub_level_state
2021-10-18,0.01067896500206098,-0.7014505075540526,-0.9731659750232108,-0.9767193686543459,-0.5507917948589851,0,1
2021-10-19,-0.001076765697892102,-0.6791331823697202,-0.9463858328331546,-0.9813396326350597,-0.6601061217178534,0,1
2021-10-20,-0.008807107757031269,-0.42538737875600213,-0.8786096377196857,-0.9828849948837904,-0.6977389507843773,0,1
2021-10-21,0.005499719277996972,-0.4293912585852838,-0.9063281078726181,-0.9996996263830781,-0.7837567481351908,0,1
2021-10-22,-0.02970733690379754,-0.40769613979027497,-0.5223256034475702,-0.8221007683482331,-0.7084910900021432,1,1
2021-10-25,-0.004886417853491592,-0.6186028300729891,-0.5852454555572686,-0.8240303629186729,-0.7425399296301355,1,1
2021-10-26,0.016311070171913796,-0.28265475279949936,-0.5228026839641353,-0.9130373851073263,-0.6099290732632123,1,1
2021-10-27,0.004526808199972831,-0.2686070043761523,-0.5432183782116549,-0.9168744721478845,-0.4307251578801793,1,1
2021-10-28,0.015490386198795761,-0.13615779983666185,-0.49345171124995457,-0.8849911342667327,-0.5113667147199383,1,1
2021-10-29,-0.022071025114124194,-0.3913511289826608,-0.6392030560780566,-0.7710813075745471,-0.5597518539063996,1,1
2021-11-01,-0.016563269860792953,-0.22133112509986058,-0.6356326902591917,-0.897955678748367,-0.5328713349598132,1,1
2021-11-02,-0.0019417567292072998,-0.44569081901003094,-0.6373478544410974,-0.9095597949398373,-0.6009686724114548,1,1
2021-11-03,0.02095474120188222,-0.13126607870919035,-0.4528957700901652,-0.8532697996341809,-0.7676283684063704,1,1
2021-11-04,0.02678642365867286,0.1176030838619275,-0.23450041504407926,-0.7479078079057472,-0.7066991807339632,1,1
2021-11-05,0.011679050253797466,-0.25208621157923844,-0.55474962691818,-0.7419829387675978,-0.5203271155716958,1,1
2021-11-08,-0.008889560646183856,-0.4723684863645546,-0.5218534379258223,-0.7668042796368397,-0.38771625920477254,1,1
2021-11-09,0.024374633277639505,-0.5159340033296458,-0.4381546765073953,-0.6876616221685717,-0.2873618204911471,1,1
2021-11-10,-0.027013011844914565,0.21394328163535767,-0.14664888578760574,-0.5257899590352557,-0.11711830595987159,1,1
2021-11-11,-0.003071407364688846,-0.07198583606544155,-0.19860456460643722,-0.5211717851052744,-0.308866440731022,1,1
2021-11-12,0.014723193690670721,-0.027509427908547105,-0.3304271624907568,-0.6598722843743138,-0.5543756133953451,1,1
2021-11-15,0.005481870901648686,-0.07688894340539491,-0.48462614428858336,-0.6734027825021746,-0.5185350354013443,1,1
2021-11-16,-0.0017305141444383953,-0.43110053853856145,-0.4857974989159871,-0.6727861965454355,-0.5400393138368762,1,1
2021-11-17,0.002016347302632641,-1.1558133356495883,-0.5662760924587299,-0.6923422469579237,-0.40742845746995293,1,1
2021-11-18,0.04027645649229361,-0.3140064251804646,-0.31229234333646666,-0.4359827361620019,-0.32141066011913944,1,1
2021-11-19,-0.0056121069786996495,-0.17568812057305666,-0.2922229963611748,-0.6207139025599984,-0.26406546188526375,1,1
2021-11-22,-0.02902013564929021,0.38695773794989446,-0.03788704800257995,-0.4415156821584477,-0.03826848748612104,1,1
2021-11-23,0.0017637339965477557,0.3823652014555978,-0.1919693872788828,-0.47182049143888816,-0.00063582932176876,1,1
2021-11-24,-0.00022173076425820436,0.38384542558687074,-0.4364024857479534,-0.47126752121757076,-0.14399882490645793,1,1
2021-11-26,-0.02173735862381462,-0.5893429055635457,-0.27197789933578465,-0.41329960092968676,1.6552086496052778,1,1
2021-11-29,0.01581149490261855,-0.18693682653646498,-0.2623658311868539,-0.47259756408466397,0.6409141740773155,1,1
2021-11-30,-0.015745602854088412,-0.4803457490013078,-0.20222173496442267,-0.4778588512289005,1.3989469959188456,3,0
2021-12-01,-0.01855366450723086,-0.41343544103825425,-0.12612709583217283,-0.40824729973478147,2.1032184380628602,3,0
2021-12-02,-0.0021736372820427815,-0.43258030771541484,-0.13377496045841591,-0.4741522347789219,1.5351420126264719,3,0
2021-12-03,-0.014260769545560936,-0.5442385324522113,-0.8507423488931121,-0.5734786299406109,2.022576539418758,3,0
2021-12-06,0.010700176929146144,-0.7178352204409674,-0.7078476247005899,-0.5780300943664044,1.3971549157484942,3,0
2021-12-07,0.027276998030909202,-0.14946136100416677,-0.5549898376808493,-0.45131916045969434,0.44916603930616517,1,1
2021-12-08,-0.00036194016475808667,-0.4206763355342824,-0.5587906255841403,-0.5595660155618293,0.0925502887104507,1,1
2021-12-09,-0.011668782006268268,-0.29281823437935917,-0.5310126679189312,-0.6653102362647744,0.39361292124264097,1,1
2021-12-10,-0.011636337565396023,-0.3452473046642288,-0.6337381253497706,-0.6432329745660061,-0.12428628483693455,1,1
2021-12-13,-0.015800242918596337,-0.25249051257801475,-0.7219079616657262,-0.654233358026695,0.16602386667314678,1,1
2021-12-14,-0.003136117523748936,-1.2105220107217702,-0.7708333389025737,-0.6661258590940875,0.44916603930616517,1,1
2021-12-15,0.024345691725961006,-0.36471979103332197,-0.6147307426759527,-0.5381798396052572,-0.016763867246246168,1,1
2021-12-16,-0.026300680083626033,-0.11607265581358422,-0.39317970692067045,-0.43903498212292663,0.21261692568925653,1,1
2021-12-17,0.006441220078101142,-0.07381416179670625,-0.4318306294056443,-0.7758453727315224,0.3918208410722895,1,1
2021-12-20,-0.017759701428028202,-0.044572178422853444,-0.39296129121671064,-0.742553278523674,0.6247861361528382,1,1
2021-12-21,0.019456654566483378,0.16667912361942058,-0.5327006583022585,-0.7596824422159222,0.29146674416300705,1,1
2021-12-22,0.003306463214840069,-0.158169851732056,-0.5201029078898027,-0.7565078576832367,-0.13503876585904348,1,1
2021-12-23,-0.00014092130261621452,-0.6110695252198802,-0.5459440324248466,-0.7564302345642318,-0.2551054028378493,1,1
2021-12-27,-0.008536687088804765,-0.568238057347388,-0.5637701898195142,-0.8251703180286288,-0.305282280390319,1,1
2021-12-28,0.005501669965036001,-0.8898119928648958,-0.6319476861263149,-0.88061227550831,-0.33037071916655386,1,1
2021-12-29,-0.008916765869188957,-1.1941169880890468,-0.6061618879959254,-0.9100170383225489,-0.43610105658689075,1,1
2021-12-30,-0.0036194684947523518,-1.2480276728932325,-0.8740359954629227,-0.9714139326827688,-0.36800371913524915,1,1
2021-12-31,-0.011820258562676168,-1.1825100820421752,-1.1061662388485702,-0.9482862244777034,-0.38771625920477254,1,1
2022-01-03,0.021552218186491175,-0.6072287199159503,-0.8897412089510578,-0.8770498270996535,-0.49882249533182094,1,1
2022-01-04,-0.017385330457073137,-0.46240833831389744,-0.8955577467454222,-0.8465248229582043,-0.44326937726829674,1,1
2022-01-05,-0.019398887084092698,-0.3332177419577301,-0.9677962166184327,-0.9791535725704307,0.06208560942316138,1,1
2022-01-06,-0.00705864262612408,-0.338310470410909,-0.9933053930775754,-0.9799098332970843,0.040581330987629505,1,1
2022-01-07,-0.004622037944885352,-0.3583100582638244,-1.0055288812867087,-0.9932569919588441,-0.11174206544881712,1,1
2022-01-10,-0.006916895552525985,-1.1844847977593331,-1.0092717524992951,-1.0053261534289122,0.0029483310189342194,1,1
2022-01-11,0.023393561671897323,-0.4049282694937431,-0.7167083027581502,-0.8951503820734805,-0.17446350419374726,1,1
2022-01-12,-0.0012628104345069216,-0.656571767113428,-0.7287235476947493,-0.8956846238730674,-0.316034419608085,1,1
2022-01-13,-0.024791575318470576,-0.2793268455391832,-0.5632218148990368,-0.9489756802870951,0.16602386667314678,1,1
2022-01-14,0.005390083755645945,-0.2517490229711168,-0.5539915094934963,-1.0544863816427055,-0.03468432714541807,1,1
2022-01-18,-0.02038769549090448,-0.07262020545036522,-0.7357861684819034,-1.0054303669867306,0.6104498365943692,1,1
2022-01-19,-0.016939399838654595,-0.6483292765775229,-0.7392908752000077,-1.0105610978178452,0.8004058911951681,1,1
2022-01-20,-0.030405257845227598,-0.5860544283944403,-0.5963584885193284,-0.9976341103308256,1.1122206629451243,1,1
2022-01-21,-0.06167059441432464,0.33784999842764607,0.1539237003325487,-0.45377596303407514,1.696425468110333,3,0
2022-01-24,0.01291391966342068,0.5483158794728815,0.29851749829573027,-0.385592831248217,1.8845894425407805,3,0
2022-01-25,-0.03236668061079386,0.5663725884079922,0.37258725238177465,-0.29916177232449287,2.110386416939923,3,0
2022-01-26,-0.008311175893882423,0.6489586583952496,0.00373118394444938,-0.33882212956478347,2.2537494125246123,3,0
2022-01-27,0.005168487857318577,0.8539452870442727,0.06903280910212042,-0.3005368925818762,1.9903197799611174,3,0
2022-01-28,0.030285690273150864,0.26218791033132766,0.5126136676469056,-0.0681851781856306,1.4831727130993078,3,0
2022-01-31,0.03780239257148749,0.7017567835623333,0.9241947779952436,0.20689206630684542,0.9760256462374981,3,0
2022-02-01,0.01044748941518976,-0.14642048346110303,0.9458769696040671,0.14153641363424121,0.4617102586942826,5,2
2022-02-02,-0.004175158859864664,-0.25315866581229685,0.9177257659879937,0.12432826413819584,0.485006959104509,5,1
2022-02-03,-0.08167353583798122,2.3565034566902088,1.7588768615144887,0.7809836936369662,0.8900078488866846,5,1
2022-02-04,0.12662387500104783,4.732414478512604,3.2719191842017796,2.3451207875325935,0.6875072330934253,5,1
2022-02-07,0.0015509338104019556,4.675012529497159,3.276489428119187,2.345480708043749,0.6229940559824867,5,1
2022-02-08,0.021457613049426567,4.688686661548479,3.0800497418991846,2.3811368122286285,0.3685244824664061,5,1
2022-02-09,-0.0017137387128061518,4.677342926317621,3.051657843925851,2.336330631850359,0.10330242792821664,5,1
2022-02-10,-0.013979546952563137,3.173582620971189,3.1284282352663264,2.347316794597357,0.8111580304129341,5,1
2022-02-11,-0.03689681646880732,0.08571226192232874,3.312333783275128,2.3989184638879575,1.429411675206135,4,1
2022-02-14,0.011822560723583715,0.2015608349969004,3.19932349763487,2.4097884307245923,1.6032393500781135,4,1
2022-02-15,0.008296042871463558,-0.06624242812867095,3.1964470496917303,2.391568226743573,1.1319332030146478,4,1
2022-02-16,0.009782742579334478,0.04792793794124214,3.193325447907159,2.378887809443372,0.8792557096689188,4,1
2022-02-17,-0.02237527116041585,0.1577771978548751,2.3590658641608524,2.346360681032775,1.5638146117434097,4,1
2022-02-18,-0.013675723602194448,-0.4155838379964685,-0.3762092463524481,2.050407741910985,1.499301092828128,3,0
2022-02-22,-0.01620394064398193,-0.4886048168979805,-0.34393752370630987,2.068955271375787,1.689257147428927,3,0
2022-02-23,-0.036736200911777414,-0.31198468190350415,-0.3667278278079782,2.094126538252507,2.0852979781636884,3,0
2022-02-24,0.04378296420904083,0.8943936165979688,0.3584065629222603,2.2175996091840777,1.959855100673828,3,0
2022-02-25,0.015605324606359551,0.943345670035559,0.437792890205936,2.2275587493647753,1.4706284937111904,3,0
2022-02-28,-0.0017923797857641785,0.8815843096981187,0.15037929889078516,2.174801721080049,1.9293904213865387,3,0
2022-03-01,-0.01621618913724278,0.881731937150344,0.15937328215336347,2.0958521002803754,2.497466846822927,3,0
2022-03-02,0.005681070345235163,0.16847504006545813,0.14627279872050775,2.0897808187178817,2.0351207588068756,3,0
2022-03-03,-0.028024715069147013,-0.27151481743353634,0.2208241360965945,2.1482692198289675,1.988527699790766,3,0
2022-03-04,-0.01570652458889585,-0.6263220641986478,0.18057653368614907,1.607210876352109,2.257333572865315,3,0
2022-03-07,-0.05818771291327103,0.24763489274567912,0.7193180345931312,0.1526876281699512,3.058375293382252,3,0
2022-03-08,-0.010845635387641736,0.28901282435530634,0.7128271684559316,0.1431967262426323,2.8218261797653437,3,0
2022-03-09,0.023392657656821362,0.778968774134785,0.7264887067647051,0.1589243884828518,2.3415596318501204,3,0
2022-03-10,0.05238614576528683,1.8492297643679778,0.9002125393157522,0.5869456883327797,1.9437267209450075,3,0
2022-03-11,-0.009170897007556909,1.8109765131830735,0.8259586265669493,0.579419929660651,2.0369128389772273,3,0
2022-03-14,-0.025878248911397006,0.9554008952283481,0.8886305786790342,0.5093337372775791,2.219700914700963,3,0
2022-03-15,0.03780635847028952,1.0418509384155958,1.2077279991129126,0.6808630002832968,1.872045223152663,3,0
2022-03-16,0.03786972678718163,1.1683810137937907,1.4541196765650939,0.8460869667663914,1.3057608778866263,3,0
2022-03-17,0.026324435418138257,0.7526591633312097,1.384794097103908,0.9135842868150543,1.1265569625035934,3,0
2022-03-18,0.024867106896363674,0.51654026338158,1.341375607077285,0.9202194947593476,0.8039900515358711,3,0
2022-03-21,0.0011683958225855516,-0.47677640772924673,0.4049975636200474,0.8937713758525011,0.7430606929612925,3,0
2022-03-22,0.020495010387713637,-0.6158812492455994,0.2219880447787438,0.8837584107467599,0.6373303555409556,3,0
2022-03-23,-0.009347436942632363,-0.39571668633535306,0.37937304243056313,0.7154222805858194,0.7502286718383554,3,0
2022-03-24,0.0011517692169062805,-0.5229609831523355,0.03887614401006827,0.5403725741602837,0.4097413009714614,3,0
2022-03-25,0.006519773963040405,-0.831604275064142,-0.06721320536479998,0.5237487882435194,0.2556258243646633,3,0
2022-03-28,0.02494562803345277,-0.5563743535824983,-0.5398083493724577,0.5728831766040403,0.044165149523989485,3,0
2022-03-29,0.001593395498916634,-0.6845394113760356,-0.653750910433177,0.5214915995754419,-0.08665362667258227,3,0
2022-03-30,-0.018286571938640608,-0.437839344887535,-0.6136956219057224,0.5839643392794036,-0.009595888369183209,3,0
2022-03-31,-0.020389561060309487,-0.14826613964910657,-0.5255598267306574,0.5326568761808792,0.21082484551890504,3,0
2022-04-01,0.003119991514713771,-0.17301299728857897,-0.7148878195702439,0.4817837531850724,0.044165149523989485,3,0
2022-04-04,0.02851941372982076,-0.059482263509161394,-0.4695612438624477,-0.029622896561572767,-0.14579090507680942,3,0
2022-04-05,-0.026147683024010604,0.17840551527895987,-0.3384761307269114,0.09063216874051791,0.2950509045037101,3,0
2022-04-06,-0.033158322004421543,0.41454592825468467,-0.07043270149949862,0.2790346126636518,0.48679903927486046,3,0
2022-04-07,-0.006463273581849291,0.3517418179932857,-0.07435827518454864,-0.01147099454227511,0.3882366807315865,1,1
2022-04-08,-0.021616851708792045,0.3506279098088634,-0.04108441999117088,0.053064892822230945,0.31834726310959344,1,1
2022-04-11,-0.022175990543921695,-0.9251261173460812,-0.3287458198163156,0.02525905495953649,0.8935920092273876,1,1
2022-04-12,-0.0025408574393640296,-0.6873700925876548,-0.3579411964801267,-0.1609448140345679,0.8738794691578642,1,1
2022-04-13,0.030712722678405906,0.08845342214257013,0.0778346202751313,-0.23498460934222515,0.4366218199180477,1,1
2022-04-14,-0.025286690926900498,0.2612537330108498,0.11668929466342504,-0.25674272394476527,0.5943214568655488,1,1
2022-04-18,0.006758972920610157,0.20620144230865659,0.13911647554871706,-0.36396165507734674,0.4993432586629779,1,1
2022-04-19,0.033968970141070594,0.348763621958733,0.24082580256323716,-0.1593103464889955,0.35598026307828873,1,1
2022-04-20,-0.02671115756894936,0.7550378514283744,0.24617260072793737,-0.1515124550330178,0.16781594684349826,1,1
2022-04-21,-0.03805435139542055,0.7894696844806757,0.3125512335549006,0.009992614805632544,0.5907372965248459,1,1
2022-04-22,-0.027294404198082548,0.8130920486390505,0.39561731159668434,0.06732094594963854,1.5817347298382387,3,0
2022-04-25,0.011547388557896752,0.8777522282113527,0.43322578339133466,0.0888806271890081,1.3684823166315565,3,0
2022-04-26,-0.04715543823832861,0.1625880796234383,0.7231097546130705,0.1469445137042203,2.5333077666212707,3,0
2022-04-27,-0.009144868670533036,0.25929268310898684,0.7154370009438247,0.12820996331449816,2.1892362354136736,3,0
2022-04-28,0.045158887980749934,1.3075723986703462,0.9730105478485214,0.48975001058977,1.9007178222696008,2,2
2022-04-29,-0.15172295364406232,4.767557551861512,3.4774942322206424,2.3340211542041907,2.511803488185739,5,0
2022-05-02,0.0014315069228853913,4.657661560896155,3.4502310089195802,2.3298668753268315,2.321847091780597,5,0
2022-05-03,-0.0023069078504301312,4.697491740720617,3.151901631727732,2.197718119159547,1.7681069659026776,5,1
2022-05-04,0.013065374652359284,4.843498777440251,3.2867569443261035,2.2463563556282145,1.081755983657835,5,1
2022-05-05,-0.07894665398709044,4.319078702381454,3.5940089299282425,2.5307054893635277,2.117554737621329,5,1
2022-05-06,-0.014465791614962416,1.3735653042058547,3.6018620321190933,2.5241864632478612,1.9365587420679446,4,1
2022-05-09,-0.053866701107268,1.5160817660680201,3.530221191923571,2.6208880407080213,2.753728500509359,4,1
2022-05-10,0.0003181969043695892,1.5546560797568365,3.5691251255597214,2.6413863407543974,2.4383299102230427,4,1
2022-05-11,-0.03288155646840082,0.9457221217224191,3.543781730322772,2.6423665951439608,2.361272171919644,4,1
2022-05-12,0.01435705275209912,0.5552772690406739,3.160397110019847,2.5451622325292433,2.219700914700963,4,1
2022-05-13,0.055370332570776636,1.8936595930184443,1.6836386369847138,2.9093612863723775,1.700009628451036,3,0
2022-05-16,-0.020377924349597825,1.1939560698128135,1.6743270142249569,2.8763949734111596,1.4491238734713154,3,0
2022-05-17,0.039984765243499316,1.4984303879124004,2.0264270869195484,2.9200586182474897,1.2036147008069924,3,0
2022-05-18,-0.07457667937264713,2.718311615181929,2.4585043644557683,3.1329711110671403,2.0745454971415795,3,0
2022-05-19,0.0016009566074326781,2.6847808940949363,1.8916469804397946,3.1291289400422992,1.7860274258018496,3,0
2022-05-20,0.0022062822462582264,1.857986698552924,1.898777061780851,3.141532143995336,1.8003637253603184,3,0
2022-05-23,-0.0006411414171399994,1.8350824931688192,1.5292733333923576,3.1083401973131792,1.6301198690246999,3,0
2022-05-24,-0.03299401202946618,1.1193680402081176,1.665375801827453,3.061994301283991,1.8039478857010214,3,0
2022-05-25,0.025046829287617003,0.02007851273357923,1.629674400119627,3.1608913345957332,1.6104076707595196,3,0
2022-05-26,0.039179278603197136,0.6109818554561002,1.8121138255250042,3.117478911752308,1.45450011398237,3,0
2022-05-27,0.03565203633143641,0.8366727228105209,1.5555454094647558,1.7445276340233737,1.1355170215510078,3,0
2022-05-31,0.04270581206725498,0.9415099136638932,1.681712295703651,1.9198691773474115,1.2197430805358127,3,0
2022-06-01,0.011866383881659698,-0.6891461081486557,1.5119538665198862,1.9350995532210722,1.1301411228442964,3,0
2022-06-02,0.030640871038144026,-0.7245098339598005,0.21305863486114518,2.0006825379627755,0.9563131061679747,3,0
2022-06-03,-0.025832680127024093,0.608831957345251,0.540628193374431,1.5157246503667345,0.9688576673604352,3,0
2022-06-06,0.01942151367164258,0.47595243439907164,0.5197188091465196,1.5124396160562872,1.019034544912905,3,0
2022-06-07,-0.014773017251298981,0.27861275554059783,0.647670540165603,1.2244910328711494,0.8308705704824575,3,0
2022-06-08,-0.015232350104616342,0.35696811739696777,0.35415450856810143,1.2633731370851835,0.8201180894603486,3,0
2022-06-09,-0.0427196144490611,0.19297484373330556,0.9226983139529223,1.3434836007321524,1.201822620636641,3,0
2022-06-10,-0.057914024341166846,0.7962216652480409,1.352971865475863,1.6658894531204111,1.499301092828128,3,0
2022-06-13,-0.056405769874529214,0.06863744419673,1.4772284488165341,1.6394504132902754,2.622909724312787,3,0
2022-06-14,-0.013530404412073661,0.09755897235707614,0.9298509496202844,1.624375812391532,2.3845681887211843,3,0
2022-06-15,0.05073854002602537,2.1510820391260927,1.5384887947755514,1.7173555319989036,1.8344125649883107,3,0
2022-06-16,-0.03827966949921583,2.115068830879133,1.2646377168931018,1.3667586509827008,2.4311615895416367,3,0
2022-06-17,0.024071037629413358,2.0338761970311814,1.5266363463960786,1.4265204122316644,2.105010176428869,3,0
2022-06-21,0.022570320112290754,1.2513157707240945,1.5615055425586555,1.474272509848877,1.9365587420679446,3,0
2022-06-22,0.002156205246423641,1.0884458070658014,1.598291124885913,1.474533548294179,1.714345928009505,3,0
2022-06-23,0.031205693603889098,0.6664571755979675,1.8501971410719582,1.4412454768507477,1.7322660461043338,3,0
2022-06-24,0.03480305002896146,-0.6759554119852142,1.8496652632222796,1.4881238167134099,1.4061149747959087,3,0
2022-06-27,-0.028540059924874833,0.49000802347712125,1.4495628263181881,1.4508859227257842,1.355938097243439,3,0
2022-06-28,-0.05309768387541199,1.5147738702471212,1.3875183707220402,1.5659966664528786,1.6086155905891681,3,0
2022-06-29,0.01372841394494128,1.5764693035246125,1.3473825748653487,1.3922507798246013,1.5727746707908243,3,0
2022-06-30,-0.025520434048487778,1.2823782791676919,1.072093759852315,1.3966963241429502,1.6713366875297553,3,0
2022-07-01,0.03072902363025543,1.168511022081464,0.9321284715263178,1.3973188662097733,1.3111371183976808,3,0
2022-07-05,0.0350054740429081,1.5264888156766736,1.0280607467111063,1.511464754109797,1.4616684346637758,3,0
2022-07-06,0.006961141880534132,0.30776686729244324,0.9751938188857131,1.4714732367256842,1.3165130171043922,3,0
2022-07-07,0.017016935232040762,0.31619878379429467,0.9976303033354664,1.500697132754091,1.2000305404662894,3,0
2022-07-08,-0.007139238059241544,-0.2776821762093623,0.8870994311545756,1.488480612514494,0.9419768066095059,3,0
2022-07-11,-0.03367760555075011,0.46618721515069483,0.8453941982396134,1.4290607634933221,1.2161589201951097,3,0
2022-07-12,-0.023225066360527024,0.031678288477520314,0.8006606797643242,1.1689160359040502,1.4168674558180177,3,0
2022-07-13,0.01042089899639181,0.0893219598903476,0.23692579231211927,0.8351304675742394,1.3326413968332127,3,0
2022-07-14,0.0017560867883099972,-0.21452340387831234,0.20269325629743815,0.8048835738408816,1.257375738700165,3,0
2022-07-15,0.025726979439971005,0.33403978255547806,0.10870644680820737,0.6063047704040284,0.8685032286468097,3,0
2022-07-18,0.0015226486384568429,-0.23591989873157773,-0.0638778059295658,0.3993976840548796,1.0602513634179602,3,0
2022-07-19,0.038046670416625405,-0.3892822359611051,-0.009736129021193406,0.4893663515946257,0.916888367833271,3,0
2022-07-20,0.03752492206470354,-0.1922529606881639,0.25179243733524204,0.5768154243015823,0.8057817899018797,3,0
2022-07-21,0.014711626183511984,-0.42311390711672925,0.24166443108792168,0.583712304528095,0.6677950348282449,3,0
2022-07-22,-0.018216626102035748,0.3109788201088615,0.3390092711918163,0.5683016552081424,0.653458735269776,3,0
2022-07-25,-0.010835884718777012,0.5029733601190013,0.014424678475828439,0.4682625227315223,0.7125960136740032,3,0
2022-07-26,-0.053993370440844554,1.2212138042293157,0.6518526484461387,0.7187849093723637,0.9509372074612633,3,0
2022-07-27,0.051938983454337256,1.6367141414902089,1.0423774129849972,0.6334606380749178,0.6910913934341283,2,2
2022-07-28,0.01044585520965811,1.598476765942932,1.0324510003864058,0.628515437281049,0.5280158577799157,2,2
2022-07-29,0.09826578904283315,3.276699643587945,2.129483146191732,1.3440314733742877,0.34881194239688273,5,1
2022-08-01,0.0029301403814863706,3.150530496338715,2.123829446560999,1.3130012019627793,0.6194098956417837,5,1
2022-08-02,-0.009451393954795094,2.045879109041752,2.129111074096886,1.2821088972288255,0.8147421907536371,5,1
2022-08-03,0.0388498052042948,1.942931901441239,2.138378757833822,1.3674426759306375,0.4599185203282741,5,1
2022-08-04,0.02130012698801051,1.8690375001304251,2.1476731432000373,1.37502763948998,0.3685244824664061,5,1
2022-08-05,-0.012817733907710141,0.10795615837148796,2.1052656350020365,1.3959626227707238,0.31655518293924195,4,1
2022-08-08,-0.010246248132143608,0.24066091509177037,2.1013625622740943,1.252876821480842,0.3416439635198198,4,1
2022-08-09,-0.011723243809808225,0.2738562433934674,1.4965985940479323,1.188886371111295,0.4276617608706333,4,1
2022-08-10,0.03432836629371159,0.137444534935516,1.3477910574671195,1.2378500096544105,0.06387768959351287,4,1
2022-08-11,-0.014796073222703422,0.03992119367363078,1.4878978880686327,1.297278044733821,0.1463116684079664,4,1
2022-08-12,0.020154957461808953,0.15265410225335774,-0.06855500242941744,1.2850908857519399,0.026245031429160588,3,0
2022-08-15,-0.002905939779565419,0.07377802537974362,-0.05086584051759949,1.2952665311340181,0.10151068956220816,3,0
2022-08-16,0.010787770852037012,-0.11150000611356123,-0.11357135709800122,1.221875160010208,0.054917630546098425,3,0
2022-08-17,-0.01900930314565963,-0.3352094862899854,-0.3007883867061644,1.2123888597812844,0.0925502887104507,3,0
2022-08-18,0.001081407719030504,-0.4944684481931705,-0.43865175172825127,1.2090498187300411,0.031620930135872055,3,0
2022-08-19,-0.02934363374124228,-0.3791384379456633,-0.23432389988085287,1.273467534443242,0.21799316620031098,3,0
2022-08-22,-0.037242068187231483,-0.021758555698880147,0.06726368581798402,1.4189494322835061,0.7914454903434107,3,0
2022-08-23,0.0026729670392984716,-0.22663289439437365,0.0644530037807324,1.072599011504661,0.8469989502112779,3,0
2022-08-24,0.0010212157802694647,-0.10172639295492952,-0.36818733286105376,0.8544325386978444,0.6158257353010808,3,0
2022-08-25,0.025351415577692243,0.43870690021305736,-0.12733905165938492,0.8953579684730828,0.4294538410409848,3,0
2022-08-26,-0.04906056466996106,0.8877833638019712,0.17306609010262036,0.08708379211748364,1.1068444224340699,3,0
2022-08-29,-0.007694435741469371,0.5803815353511168,0.16216900661263023,0.0877005491492558,1.2233268990721728,3,0
2022-08-30,-0.00852559425615747,0.5469588384311567,0.04202530043333318,0.08602274008544195,1.2233268990721728,3,0
2022-08-31,-0.01566780077950343,0.5182112561600898,0.032538240639146024,-0.15521758470913516,1.1623978823019372,3,0
2022-09-01,0.007923586597052782,0.05174727799261225,0.08883415929504059,-0.237679003948913,1.1068444224340699,3,0
2022-09-02,-0.0027532529531166133,-1.0163854974158024,0.0012587469504171563,-0.2447703611976634,1.0907160427052496,3,0
2022-09-06,-0.011365303608676682,-0.9824769712024602,-0.24930564851563686,-0.24284383732904166,1.348769776562033,3,0
2022-09-07,0.026046808485943356,-0.3253140573533219,0.0007505565599887249,-0.10981768840255954,0.9419768066095059,3,0
2022-09-08,0.0022974951952027486,-0.5604809277269609,0.004184915828630379,-0.3342076998994071,0.7573969925197614,3,0
2022-09-09,0.02590320485932788,-0.2937674193354747,0.012642560860167476,-0.21051246879107882,0.6104498365943692,3,0
2022-09-12,0.023256006371225366,-0.30614799672373244,-0.5685199818822793,-0.18700839010809667,0.8039900515358711,3,0
2022-09-13,-0.07351450969084806,1.91841700282207,0.8026857432167439,0.4555799316860536,1.4132832954773147,3,0
2022-09-14,0.013224160818823556,1.785594673718684,0.8356493594567262,0.46642185762498595,1.2143668400247583,3,0
2022-09-15,-0.018141344196006066,1.8293945140464416,0.851202053347663,0.4638287250865713,1.2340793800942818,3,0
2022-09-16,-0.022342663123674653,1.5031997278820732,0.9086486934596393,0.48544118996738683,1.2394552788009932,3,0
2022-09-19,0.008780988323187666,1.2189874096167475,0.9354148269484442,0.45001951799064177,1.1426853422324137,3,0
2022-09-20,-0.020337871216053065,-0.27919379473306116,0.9781542406295167,0.35078520054954315,1.3935707554077912,3,0
2022-09-21,-0.030651806993195523,-0.48150733685496955,0.8929820855933982,0.42129814516921876,1.542309991503535,3,0
2022-09-22,-0.010755522144413148,-0.4671450618835819,0.865255046925289,0.4162578299320281,1.4276195950357835,3,0
2022-09-23,-0.03087827487958509,-0.3424784131903047,0.6207164898212836,0.3385320649509196,1.8881736028814835,3,0
2022-09-26,0.011643850156637936,-0.245936056195087,0.45077275644577447,0.17277230157093423,2.307510450417785,3,0
2022-09-27,-0.0067721605638319405,-0.22477006287432516,-0.48543680605695744,0.17262961724000334,2.3684398089923637,3,0
2022-09-28,0.030655824250862142,0.2471577786826202,-0.14341579135217405,0.34263896990994896,1.9347666618975932,3,0
2022-09-29,-0.02790291503845865,0.492115967527056,-0.06901205128867569,0.3940662924094894,2.2322451340890805,3,0
2022-09-30,-0.01612873252379073,0.22977631404122842,-0.102302455486042,0.3834131944599421,2.1928203957543766,3,0
2022-10-03,0.02484228971944887,0.44714606329074863,0.11270887326186743,0.4969546119172121,1.9204303623391243,3,0
2022-10-04,0.04365385055679431,0.924197198016723,0.5856371077879118,0.7492629510227904,1.7358502064450367,3,0
2022-10-05,-0.001481869466341099,0.7689996178416703,0.37796342023125523,0.6541865483937115,1.6426640884128174,3,0
2022-10-06,-0.005713604243351853,0.349369266232024,0.35455223750011483,0.6501104539057442,1.9956960204721719,3,0
2022-10-07,-0.04921500721476031,1.2680033060881981,0.6812225429247549,0.745769544512592,2.146227336738267,3,0
2022-10-10,-0.008124225078480844,1.074934109225915,0.6619343046134397,0.6304720851616584,2.3415596318501204,3,0
2022-10-11,-0.013252430839793449,-0.10444383651159063,0.6832751366999696,0.0955376695236859,2.553020306690794,3,0
2022-10-12,0.005805336385798675,0.02882042454257999,0.4546176300005676,0.062425906478330254,2.5422678256686853,3,0
2022-10-13,-0.0036076835242353686,0.048852897929658495,0.3202421863588582,0.044492616942052955,2.2501655939882523,3,0
2022-10-14,-0.0516510503766232,0.13784729521025907,0.7718547813484732,0.2817073849780168,2.264501893546721,3,0
2022-10-17,0.062135779342380515,1.777775495590086,1.4040782559452722,0.8073411840568229,2.1480194169086184,3,0
2022-10-18,0.022009145690284195,1.7956378810220384,1.1401955779870974,0.8502274381626096,1.992111860131469,3,0
2022-10-19,-0.011473243456503883,1.8676025173540791,1.146047694696722,0.7716460435866962,2.0387049191475786,3,0
2022-10-20,0.0012380049260694004,1.8547822310593263,1.1526814537889192,0.7630354947987714,1.8989257420992494,3,0
2022-10-21,0.03438023444475582,0.7159449509019674,0.9417233457535881,0.7821958357417251,1.846956784376428,3,0
2022-10-24,0.003856616252494387,-0.20496964841815665,0.9126055424586897,0.7720816675641698,1.875629383493366,3,0
2022-10-25,0.006163616764453029,-0.3159044824373484,0.8426085729940485,0.7655357180537222,1.6265357086839969,3,0
2022-10-26,-0.04214942801531416,0.598979789267494,1.2362146105839837,0.8645165260469754,1.4150753756476662,3,0
2022-10-27,-0.0418101574045853,1.1091790474546195,1.5230363668490354,0.9623437106082396,1.4347875739128466,3,0
2022-10-28,-0.07079310391264146,1.0939683737628638,1.8612356263069219,1.3947083270486476,1.1408932620620622,3,0
2022-10-31,-0.009749460213913593,0.8403664428109022,1.0937855030184187,1.3086495938670697,1.1641896206679456,3,0
2022-11-01,-0.057058633311380495,0.19391592806395233,1.1700553028180813,1.2640873460994801,1.151645401279828,3,0
2022-11-02,-0.04977662861956378,0.2003365900354258,1.3005491480440865,1.3825801611051007,1.1606058021315857,3,0
2022-11-03,-0.031415623478484034,0.27926733173150387,1.1992871756310315,1.4017235345200643,1.0602513634179602,3,0
2022-11-04,0.01831317621526502,0.8870448047329794,0.8914879149562369,1.3775284215497192,0.9258484268806855,3,0
2022-11-07,-0.005283505803369878,0.9427927566112558,0.7957382435238873,1.3802323220303172,0.8900078488866846,3,0
2022-11-08,-0.006418854050217535,0.49687135830376944,0.650088690983154,1.3824099729194554,1.10326060389771,3,0
2022-11-09,-0.04393862894759971,0.3349040379679954,0.6598890248936203,1.4421968750841074,1.201822620636641,3,0
2022-11-10,0.11459031027972043,3.388682929358839,3.2436966504724323,2.6994443575664007,0.7430606929612925,5,1
2022-11-11,0.04182488909537293,3.4918969462060003,3.096574817572032,2.708581158547684,0.562064697407908,5,1
2022-11-14,-0.02340919572591984,3.69785034150987,3.13589360200685,2.4005353621194634,0.7789012709552933,5,1
2022-11-15,0.004233591215987224,3.629530741508152,2.783425709054923,2.3440078108947584,0.9240566885146769,5,2
2022-11-16,-0.018891315651115303,3.153724988587707,2.500203472190038,2.3513775379272563,0.8469989502112779,5,1
2022-11-17,-0.023975716065151007,0.6590839978442815,2.438317653933804,2.3587475571670544,0.8147421907536371,4,1
2022-11-18,-0.007838691571597603,-0.7283569264253653,2.432742706307019,2.2007209957007445,0.6695871149985964,4,1
2022-11-21,-0.01833196159875556,-0.7979320935267508,2.4796843073427355,2.181675404791448,0.5333920982909702,4,1
2022-11-22,0.007646539521748563,-0.6832343044241824,2.473056450527368,2.186352142435501,0.3416439635198198,4,1
2022-11-23,0.009604046665752234,-0.47022304492024986,2.151687771880301,2.1509717040214293,0.17319218735455275,4,1
2022-11-25,-0.008003372058494563,-0.7531766971042145,-0.12619724419728026,2.069707426468238,0.2000727063011391,3,0
2022-11-28,0.005439207519838843,-0.7325227578825774,-0.8486911622016219,1.7452394098464945,0.5065112375400408,3,0
2022-11-29,-0.016744348514297094,-0.7821066108565194,-0.9256656579690127,1.7547964214899572,0.44916603930616517,3,0
2022-11-30,0.04328901331853711,0.21533733962644488,-0.14621756865200902,1.6867120111686749,0.214409005859608,3,0
2022-12-01,-0.011156232996470622,0.3182819170888833,-0.2025670836076521,1.4728640738711978,0.08179814949268477,3,0
2022-12-02,-0.014774511873569882,0.39706185382478276,-0.300896807283614,1.3959012601577945,-0.05798102755564443,3,0
2022-12-05,-0.03403240308618864,0.7593765739464492,-0.02252451772375236,1.4816455836659674,0.24487368514689734,3,0
2022-12-06,-0.03112075901574802,0.9217342137613762,0.11325169443990928,1.562399730338023,0.4993432586629779,3,0
2022-12-07,0.0020517255097456475,-0.4834163891519786,0.08445295729310734,1.5611910393607293,0.5907372965248459,3,0
2022-12-08,0.020815497291734476,0.22316535793283557,0.19762076456276037,1.419261043505845,0.5208478789028528,3,0
2022-12-09,-0.014368987290291475,0.22195100146600433,0.21756410902075404,-0.08654610587628421,0.6176178154714322,3,0
2022-12-12,0.015930123637650284,0.09058603719710044,0.2936881713586784,-0.3592901834251449,1.0064903255247875,3,0
2022-12-13,0.020873248669996236,-0.4585468858310492,0.366717990019789,-0.31161329709732977,0.5674405961146195,3,0
2022-12-14,-0.01021262101370267,-0.26509729349664757,-0.16247660029456076,-0.31552467866554534,0.3147631027688904,1,1
2022-12-15,-0.03510058188724257,0.22142550001608907,0.050747843750044166,-0.20109250323628722,0.6176178154714322,1,1
2022-12-16,-0.00701778137607241,0.17368847351874167,0.037446261402447084,-0.2587744475097537,0.5799851573070799,1,1
2022-12-19,-0.03436007098896644,0.22512891672604426,0.04205979500064252,-0.12628766153502727,0.5441442375087361,1,1
2022-12-20,0.0028494286727644416,-0.29435283554561925,-0.11553121084337517,-0.14401940802612997,0.37569246134346906,1,1
2022-12-21,0.018051775637151414,0.24494836089735705,-0.001065909536582406,-0.09132055276439018,0.12301496799774003,1,1
2022-12-22,-0.03527226233343925,0.2487659772210976,0.062745070169732,0.010018588725345515,0.4635023388646341,1,1
2022-12-23,0.01694939584457055,0.5325083092198033,0.18245014628895068,0.07981230449133561,0.2663783053867722,1,1
2022-12-27,-0.026590726488320497,0.3701499916149337,0.1503464880573676,0.12266988162299246,0.4061571406307584,1,1
2022-12-28,-0.015125762438715258,0.36290535620674474,-0.10854888339626657,0.11849205340198335,0.4939670181519234,1,1
2022-12-29,0.028110617428882614,0.6158621265119805,0.27650066459086164,-0.06321499410419151,0.3685244824664061,1,1
2022-12-30,-0.002465608891796948,0.17005508723905657,0.08954663103379892,-0.06284293083613542,0.4097413009714614,1,1
2023-01-03,0.021110236396657343,0.24243497342762715,0.24429469866075543,0.029771349872675726,0.6301620348595496,1,1
2023-01-04,-0.008280163543582514,-0.1373315764850745,-0.01892846197632148,-0.09530159638646565,0.47067065954604004,1,1
2023-01-05,-0.024336614164069157,0.09334253929406836,0.1129374942631876,-0.14430924907190926,0.5513122163857991,1,1
2023-01-06,0.03466669708306341,0.2681999887194135,0.339884474178968,0.05275185709648911,0.31297102259853893,1,1
2023-01-09,0.014435360530790363,0.27060841589644385,0.05394192013515315,0.017850052404614007,0.4635023388646341,1,1
2023-01-10,0.028001652481375035,0.37107258315014063,0.15536059119310588,0.10931264644065526,0.214409005859608,1,1
2023-01-11,0.056134520039903615,0.8082186530160484,0.37847731978725246,0.4697456134943937,0.305803043721476,1,1
2023-01-12,0.0015661166759618173,0.017018044068768674,0.2153586889655677,0.4246535426409279,-0.0991978460606997,1,1
2023-01-13,0.029151276132261292,-0.014914192256822624,0.22225038512346243,0.4947015190178033,-0.1852156434115132,1,1
2023-01-17,-0.021647367162608025,0.7911161113891044,0.4532386786815501,0.3901469279172289,-0.004219647858128739,1,1
2023-01-18,-0.006486659767510505,0.9001521440094246,0.5061904788616031,0.3887536822897112,0.17140010718420126,1,1
2023-01-19,-0.01914762020736647,-0.0032620149738391696,0.6145729043485442,0.2694346532670344,0.20365686664184207,1,1
2023-01-20,0.037075219184043634,0.6065894645531542,0.45849527510167465,0.39523658687311447,0.08359022966303625,1,1
2023-01-23,0.0024474274840233534,0.27603273219768926,0.3895547713035505,0.3783839654408196,0.0764219089816303,1,1
2023-01-24,-0.012706513125240189,0.13669721368716495,0.5087590511884,0.2042770897010327,-0.032892246975066576,1,1
2023-01-25,0.00856391295850461,0.12632569875545363,0.4249391897347032,0.19022441060515352,-0.054396867214941455,1,1
2023-01-26,0.020449646290416294,-0.14883976768095344,-0.15809347996376052,0.056226878132874046,-0.11711830595987159,1,1
2023-01-27,0.0296583097916448,-0.3580222029275929,0.001050387029914735,0.025731327311339505,-0.15654304429457536,1,1
2023-01-30,-0.016992863933050738,-0.01449200412044078,-0.039793103321467946,0.07772460151067949,0.09971860939185667,1,1
2023-01-31,0.02501011435902637,-0.15704611800606993,-0.11097659850690868,0.0930734834466238,0.0029483310189342194,1,1
2023-02-01,0.01907257419700301,-0.1639901017845854,-0.13647152179308708,0.08734634574812648,-0.2712334407623267,1,1
2023-02-02,0.07087811619874258,0.934565768680695,0.40591200410004985,0.4839542087982033,-0.11711830595987159,2,2
2023-02-03,-0.08840787469850844,3.3573684859964645,2.031767796970456,1.4070166649150002,-0.1887998037522162,5,1
2023-02-06,-0.012097313573319612,3.327105649748669,2.0715545443653145,1.3907099939732284,0.00832457152998869,5,1
2023-02-07,-0.0010103381118709432,3.2143750449113013,2.033452926690898,1.394029430046436,-0.12966252534798903,5,1
2023-02-08,-0.020705618780179756,3.132228915892336,2.114908942522668,1.4177224858396007,0.044165149523989485,5,1
2023-02-09,-0.018581689645663164,1.212779287243274,2.1117171513820105,1.1949829841453297,0.23770536446549137,4,1
2023-02-10,-0.006758529981389348,-1.0646043162799497,1.9643801674661256,1.2010202794515141,0.20544894681219356,4,1
2023-02-13,0.019254588420745896,-0.37996223792379424,2.0079138472204665,1.1549829663363131,0.17140010718420126,4,1
2023-02-14,0.0012810229629859372,-0.363263360135546,1.9027732816868903,1.1038658634034275,-0.08486154650223078,4,1
2023-02-15,0.014212770877128725,-0.4411348439219657,1.8740078660965893,1.111382960285844,-0.20672026365138807,4,1
2023-02-16,-0.030531562501466082,-0.06980933537305078,0.896311790694342,1.1729306499401142,0.14093542789691194,4,1
2023-02-17,-0.010051296966569128,-0.04270135494841293,-0.6284343864202154,1.0528808086512536,0.11405490895032558,3,0
2023-02-21,-0.02764966426153671,-0.12888140794718117,-0.48932657147541136,1.1228412563791115,0.6247861361528382,3,0
2023-02-22,0.012387207609461137,0.06496974977479116,-0.3738052968306213,1.128208604428052,0.5208478789028528,3,0
2023-02-23,-1.1917449770096887e-05,-0.19729504393435157,-0.43674967822734034,1.119465346376543,0.3147631027688904,3,0
2023-02-24,-0.02483503274285806,-0.3172156476480494,-0.36875205349653456,1.1197455045258404,0.4097413009714614,3,0
2023-02-27,0.0024518715506796507,-0.23936365850133062,-0.3532257806591002,1.0088853549096883,0.28071460494524114,3,0
2023-02-28,0.004675248463416697,-0.5548881433585012,-0.5174655596324564,0.9997176732364703,0.23591362609948288,3,0
2023-03-01,-0.022429000471452538,-0.5298939021028896,-0.45961751996565214,0.9398364134137321,0.214409005859608,3,0
2023-03-02,-0.0007591255981093555,-0.5385946250544312,-0.6243538897183832,0.8741457481994317,0.03699717064692652,3,0
2023-03-03,0.02929808761846755,-0.18096488431763,-0.37543424319437046,0.3119948929927114,-0.16012720463527835,3,0
2023-03-06,-0.012517097611579578,-0.07584852169317566,-0.363693522793782,-0.6972065954094636,-0.13862258439540348,1,1
2023-03-07,-0.002460620276155212,-0.09295445269628187,-0.5736572129005416,-0.7057706526659793,0.03699717064692652,1,1
2023-03-08,0.0036222104747050325,-0.42155766643973425,-0.6367981908342,-0.6951714359988841,-0.04902062670388698,1,1
2023-03-09,-0.01826609443066148,-0.17334507126741142,-0.5581172606955807,-0.7093488535157756,0.5781930771367284,1,1
2023-03-10,-0.016939223507351175,-0.9479151695990373,-0.6572279149710649,-0.7179135216173562,0.9706494057264436,1,1
2023-03-13,0.01823846363027824,-0.4589262493917918,-0.5105574167295385,-0.6282995080973067,1.27888035894004,1,1
2023-03-14,0.02583626095566736,-0.041690249116189806,-0.2916362986101281,-0.5668971699763482,0.7789012709552933,1,1
2023-03-15,0.013491378879737444,0.011485641104926817,-0.44322736190300865,-0.5240658608508129,1.2107826796840553,1,1
2023-03-16,0.03881574844501553,0.0171212668562792,-0.12721295826740034,-0.29245601106317426,0.64629041458837,1,1
2023-03-17,-0.011280514721279142,-0.17347582286848906,-0.19999165732177865,-0.42219857704584984,1.0978843633866555,1,1
2023-03-20,-0.012935783388161728,0.19387780538740676,-0.19594599477754263,-0.411006797656224,0.8541669290883408,1,1
2023-03-21,0.028922723016650945,0.24103237336357117,-0.057095186937759605,-0.42464727518911555,0.3577720014442972,1,1
2023-03-22,-0.019491787617975265,0.555957883146541,0.10962325000524634,-0.3658399169534369,0.5154716383917983,1,1
2023-03-23,-0.00022370713243605696,-0.1170208649867037,-0.029679889648888343,-0.3657502246224369,0.5781930771367284,1,1
2023-03-24,-0.006218187693102888,-0.1531226147867063,-0.13962610251728427,-0.4736153882505782,0.42228552035957884,1,1
2023-03-27,-0.001242574998376577,-0.23998251237982696,-0.16135760798225504,-0.47183303634696444,0.21799316620031098,1,1
2023-03-28,-0.00851848128634209,-1.1044125362759811,-0.25833559397664874,-0.4559281916630473,0.10509450809856813,1,1
2023-03-29,0.030159897939985997,-0.41622352501290755,-0.0775723354681837,-0.43251577887732723,-0.04722854653353549,1,1
2023-03-30,0.016980706330183035,-0.3275202220029317,-0.40560084448659,-0.4097859391994714,-0.0651490064327074,1,1
2023-03-31,0.012242720830520538,-0.4539307845662879,-0.4412848635851213,-0.5060985140812252,-0.12249420466658306,1,1
2023-04-03,-0.008881215802970188,-0.3081147692786063,-0.4823029368976705,-0.5249577181416634,-0.14937506541751241,1,1
2023-04-04,0.014600544332032235,-0.5550226372422671,-0.6682486668584373,-0.5156013779977137,-0.06873316677341038,1,1
2023-04-05,-0.028124914779834344,-0.09130131568400959,-0.5042288990308931,-0.3390943306633268,-0.054396867214941455,1,1
2023-04-06,0.009125700013474769,-0.20390925427233828,-0.49202121641907615,-0.41734562283753446,-0.17625558436409874,1,1
2023-04-10,0.0007521821997344537,-0.3153028852225658,-0.5212640224445575,-0.4979707265342398,-0.07410940728446484,1,1
2023-04-11,-0.02259326795697942,-0.11998543627004832,-0.31760076647004787,-0.4033051165634278,-0.05081270687423847,1,1
2023-04-12,-0.02146359107348789,-0.3581465236127594,-0.1938310873393157,-0.4001026944088488,-0.052604787044589964,1,1
2023-04-13,0.04533038955312252,0.62808929696655,0.10799823850231301,-0.12461123049152607,-0.28377800195478714,1,1
2023-04-14,0.0007486073605718234,0.6048897308626578,0.04223480769838504,-0.3373779358675393,-0.41459677815135887,1,1
2023-04-17,0.0019160878445746029,0.6054953992633889,0.0018941571720170294,-0.362917134733664,-0.43610105658689075,1,1
2023-04-18,-0.004616842224908217,0.36486323604748316,-0.011972000561570254,-0.39198455910665125,-0.4576056768267657,1,1
2023-04-19,0.019036647709704937,-0.009091489582765155,0.028039314012343206,-0.46662737978148017,-0.5239112759123987,1,1
2023-04-20,-0.005034150346430583,-0.924023004967561,-0.19844595855284664,-0.538118299644687,-0.396676318252187,1,1
2023-04-21,0.029567601779620128,-0.4374445083748327,-0.015740773426480673,-0.4169757041214976,-0.4683578160445316,1,1
2023-04-24,-0.007361707288091795,-0.31378741726048415,0.015587528878090355,-0.41294779155607664,-0.4468535376089997,1,1
2023-04-25,-0.035197809136857675,0.4122973464698293,0.2181261203724621,-0.18436713885612296,-0.11174206544881712,1,1
2023-04-26,0.02289935768960393,0.47855021953822957,0.13527148716097037,-0.14177628070922182,-0.0974057658903482,1,1
2023-04-27,0.04474773050340456,0.9935484466649495,0.12405146815954698,0.0014405637091950399,-0.42176475702842187,2,0
2023-04-28,-0.04093082185481035,1.4161225080870274,0.5947085392885202,0.2344474711274021,-0.6457698221593846,2,2
2023-05-01,-0.03309899959147388,1.627351903990476,0.8252713706627284,0.35795307506968516,-0.5920086133640404,2,2
2023-05-02,0.01503887676459296,1.434751411233788,0.8648440408666482,0.3783520625323113,-0.2873618204911471,2,2
2023-05-03,-0.00013202385655601033,1.270318700962197,0.7947698022324522,0.35129332548581643,-0.18700772358186468,2,2
2023-05-04,0.0030460047707189662,0.33513084019377537,0.7933523482759974,0.2488219017647464,0.126599128338443,5,1
2023-05-05,0.015510486486760277,-0.05854588329776955,0.6617020855263592,0.267164142012631,-0.393092157911484,4,1
2023-05-08,0.001282583244530153,-1.1068016577542341,0.6548814435068837,0.2671086879818503,-0.4307251578801793,4,1
2023-05-09,0.00711204598019987,-1.2272981042227942,0.37215063603501014,0.18986903273170058,-0.29990638168360756,4,1
2023-05-10,0.03260999273351676,-0.6644700546539747,0.4750013569667419,0.2085059674042435,-0.4378931367572423,4,1
2023-05-11,0.01757351537717541,-0.7420279729291884,0.11814196788335189,0.007109917969555381,-0.43968521692759377,4,1
2023-05-12,-0.017588535031991766,-0.1559635073723128,-0.2986558016377132,0.06986625077411193,-0.42176475702842187,0,1
2023-05-15,0.008164081069186873,-0.18939854372132342,-0.8508018531331992,0.07257680481516271,-0.40563637729960145,0,1
2023-05-16,0.01926600960934816,-0.15536702469514324,-0.819565714467314,0.0929898830306854,-0.24972916232679485,0,1
2023-05-17,0.018024084445064852,-0.4269687617343717,-0.8294782181825489,0.08916344257102628,-0.4504373561453597,0,1
2023-05-18,0.02235944581841924,-0.359568724049944,-0.8093661054992196,0.11322363572514302,-0.5973848538750949,0,1
2023-05-19,-0.016537012847620533,-0.39791250267990014,-0.5326298836234747,0.09398103149756232,-0.46118983716746864,0,1
2023-05-22,-0.01104898555608326,-0.16282961169709304,-0.4200651774517718,0.10708106098538991,-0.389508339375124,0,1
2023-05-23,-0.0004989909631604977,-0.2805731437515112,-0.3987106922684841,-0.11415478411680131,-0.1529588839538724,1,1
2023-05-24,0.014864706298556523,-0.3382424768751275,-0.6109603124200297,-0.14708197509245738,0.11584698912067708,1,1
2023-05-25,-0.01542780895316602,-0.6356334987837411,-0.5461089055144084,-0.35855113157552887,-0.04364472799717552,1,1
2023-05-26,0.04315082551734425,0.2782042757933683,-0.2479206839422501,-0.44222734752461396,-0.2568971412038578,1,1
2023-05-30,0.012497263578324199,0.10267187705413182,-0.24304678445619868,-0.7357924624580552,-0.3447073605293658,1,1
2023-05-31,-0.009241891514494375,0.22827523257706703,-0.2055051120141239,-0.6890398046901295,-0.2586892213742093,1,1
2023-06-01,0.01767416983541366,0.24607345966415164,-0.20797669707403163,-0.6816959942308505,-0.6690663516674394,1,1
2023-06-02,0.011657965359853249,-0.15202942519354185,-0.2832096558985816,-0.6850012701350963,-0.8572303260978869,1,1
2023-06-05,0.008090180513483874,-0.8808905177513893,-0.4421988844048241,-0.6947324626963328,-0.8339339674920035,1,1
2023-06-06,0.010075573327842563,-0.8982858054586744,-0.5688536780266037,-0.7040273100567574,-0.9719208934678097,1,1
2023-06-07,-0.04374694567118344,0.40003569596704636,0.16974225950602417,-0.25110973982759366,-0.9755050538085127,1,1
2023-06-08,0.024281028760219227,0.5084057197182215,0.2346299269560852,-0.31088527197539945,-1.0274741824335054,1,1
2023-06-09,-0.006946509515849785,0.47551621562469387,0.16214708245391757,-0.3128379449984617,-0.9952174229758646,1,1
2023-06-12,0.02479627539752734,0.6928079677895871,-0.10919024193395244,-0.33907736772094466,-0.7837567481351908,1,1
2023-06-13,0.00038580684055158394,0.6595132778295039,-0.12368398640173629,-0.3337486919252971,-0.8554384168297069,1,1
2023-06-14,-0.002221718208352612,-0.45142287715786256,-0.16271319657724526,-0.35393901748851986,-0.9862571930262786,1,1
2023-06-15,0.005118134780674741,-0.7082563340271556,-0.21833316476708484,-0.38285530287033903,-0.8751507859970588,1,1
2023-06-16,-0.013151841776642314,-0.5686652273570182,-0.1798692604429126,-0.3950141324800651,-1.0471865516008572,1,1
2023-06-20,0.0019832415437791118,-1.1663461384657152,-0.19644495310717652,-0.46048809719743417,-0.9862571930262786,1,1
2023-06-21,-0.007906553846355236,-1.132633115790902,-0.21674391663785164,-0.4747733547825324,-1.1081159101754359,1,1
2023-06-22,0.04140971744580853,0.07669168230040385,-0.4109955004644483,-0.2585302231364201,-1.1600850388004287,0,1
2023-06-23,-0.006645333726816208,0.13604513903342436,-0.48489041497722235,-0.2502756447330168,-1.0651070115000292,0,1
2023-06-26,-0.015910176386835322,0.18241072644729842,-0.39772776393766057,-0.24717936679362262,-0.919951764842817,0,1
2023-06-27,0.014099527173408205,0.23090940428913587,-0.5209719339398513,-0.4826876332472263,-1.0113458027046849,0,1
2023-06-28,-0.001409382886354922,0.1674408868051708,-0.5183093333473879,-0.49517650500340105,-1.0668989207682091,0,1
2023-06-29,-0.009198702039966119,-0.7952763911243704,-0.485270472610558,-0.4953552623939982,-1.0471865516008572,0,1
2023-06-30,0.018726097368951297,-0.48855199868048294,-0.39153981458545384,-0.48964412916924005,-1.0382263216512713,0,1
2023-07-03,-0.001399562235940537,-0.7565181470900093,-0.4694995034455457,-0.5023427754994756,-1.0418104819919742,0,1
2023-07-05,0.0009029229967321623,-0.8766749415797208,-0.46813304028688196,-0.5090444559370066,-0.9324959842309344,0,1
2023-07-06,-0.015939520717772836,-0.6422729591106758,-0.38988942387292874,-0.47325098634004104,-0.7066991807339632,0,1
2023-07-07,0.010676838023016857,-0.6379031175401605,-0.9835754765655141,-0.8493088233313066,-0.8160135075928316,0,1
2023-07-10,-0.020955577196974454,-0.6550255437972707,-0.823700452741214,-0.843859585347925,-0.7730046089174248,0,1
2023-07-11,0.01257030850613173,-0.4510601395972544,-0.8492620982051757,-0.8316838876743076,-0.8142214274224802,0,1
2023-07-12,0.015238908956113672,-0.27646901965302695,-0.8357994186796522,-0.9061693183190146,-1.0471865516008572,0,1
2023-07-13,0.02608162313064103,-0.24785450632499856,-0.6178209410444534,-0.785432391066323,-1.0346423322127398,0,1
2023-07-14,0.002500372890453865,-0.234730174585293,-0.6847022586783725,-0.7903581919976292,-1.0830273004970297,0,1
2023-07-17,-0.008675783881921204,-0.6306973307558488,-0.7177872894490084,-0.7666625843567058,-1.0579388617207948,0,1
2023-07-18,-0.005805708634030995,-0.5073844215544406,-0.6989428745396883,-0.8016479483035824,-1.090195450276264,0,1
2023-07-19,0.01854273067024188,-0.4562612584039736,-0.6037059052267802,-0.7528764289939135,-1.007761642363982,0,1
2023-07-20,-0.0410361786724948,0.1145092213026577,-0.11579024908715989,-0.42616676497319117,-0.9665448238589267,1,1
2023-07-21,-1.7352773753118373e-05,0.09349756652722169,-0.1456912318771912,-0.7277471549606033,-1.0364342414809198,1,1
2023-07-24,-0.009598653858967026,0.09501721202558602,-0.24964798736913463,-0.7189055032906103,-0.9808811234173956,1,1
2023-07-25,0.002233808540278784,0.1347249957602519,-0.29307339115726744,-0.767311363680281,-0.9898413533669816,1,1
2023-07-26,-0.007943322256945233,-0.2690414067136814,-0.36334129026673745,-0.7961783502831765,-1.1099079903457874,1,1
2023-07-27,0.00045503810129251583,-1.3050253624363488,-0.6630170193364315,-0.7960258999079707,-0.8912791657258792,1,1
2023-07-28,0.03008509348555673,-0.39189351608216744,-0.2923490432825844,-0.6415320132590941,-1.0848193806673812,1,1
2023-07-31,0.01073217042669381,-0.5221610269861187,-0.26599462539647534,-0.6826863972137758,-1.0310581718720369,1,1
2023-08-01,-0.015323176004188283,-0.24153681949719263,-0.2101675550142672,-0.6355951899985988,-0.9772969630766927,1,1
2023-08-02,-0.02710613809779644,0.15582981791341202,-0.1885164068321389,-0.5073683488502029,-0.5902165331936889,1,1
2023-08-03,0.0051198771650861315,0.1673226474388064,-0.6242623862666198,-0.5429869617170583,-0.6206812124809782,1,1
2023-08-04,0.07912676436689234,1.795790714814789,0.8473028561740407,0.33490711385063066,-0.4092205376403044,2,2
2023-08-07,0.018483802273586234,1.8092355166957832,0.8066132279302944,0.2792072780742008,-0.6475617314275646,2,2
2023-08-08,-0.016486427042140765,1.8260732197114466,0.9197010890280506,0.32758446452140033,-0.6081369930928607,2,2
2023-08-09,-0.01537263578494738,1.6113324346671287,0.9723398139663969,0.3517900184085439,-0.6135130627017438,2,2
2023-08-10,0.004812204680561143,1.6128892412246216,0.9649904843651533,0.2777209349075963,-0.6332254318690956,5,1
2023-08-11,-0.001408146594659089,-0.5077655232121018,0.8640978416748836,0.27831785318306457,-0.8142214274224802,4,1
2023-08-14,0.015160275312949013,-0.6055423538631818,0.878416337975464,0.28816422844245154,-0.8178055877631831,4,1
2023-08-15,-0.021171174440259805,-0.4932045176126528,0.9284929045241049,0.3480918458868838,-0.5239112759123987,4,1
2023-08-16,-0.019391327743917098,-0.4169481415945492,0.8471679179788583,0.3570596897812629,-0.4665657358741801,4,1
2023-08-17,-0.008427754374111423,-0.4903732477116074,0.8775940229922377,0.14397528310938068,-0.2676496222259667,4,1
2023-08-18,-0.006013637810638656,-0.5161096040670965,-0.7696473863233528,0.15054803500184546,-0.3733799596463036,0,1
2023-08-21,0.010574592994988937,-0.6708310870863067,-0.9038407739991675,0.14557217786026877,-0.40384463893359296,0,1
2023-08-22,-0.0035228472889290295,-0.8403009798027821,-0.9617803562171245,0.149310408130803,-0.4325172380505308,0,1
2023-08-23,0.009090488273783932,-1.0059319037866008,-0.9592204363234209,0.14254654151469065,-0.6099290732632123,0,1
2023-08-24,-0.027855264813337454,-0.4352104708521501,-0.7384853914562444,0.25843653467079436,-0.3913000777411325,0,1
2023-08-25,0.010387986761339209,-0.34454351143769585,-0.6545137084987406,0.15609210627565245,-0.663690111156385,0,1
2023-08-28,-0.0012259050921238095,-0.4423397014369675,-0.8090637940789536,0.14002836016147494,-0.7712125287470734,0,1
2023-08-29,0.012881674239874958,-0.3177175612728655,-0.8116815925075317,0.12934136502390609,-0.8841110159466447,0,1
2023-08-30,0.0008602594350593197,-0.373105917460214,-0.9531897573197533,0.015380892106449141,-0.9862571930262786,0,1
2023-08-31,0.021207848931859386,-0.9781306413239491,-0.8162606581701387,0.06268033457865184,-1.0418104819919742,0,1
2023-09-01,0.00047168990512777114,-0.9239492834141844,-0.8478482138654831,-0.9841068118132285,-1.1278282793427878,0,1
2023-09-05,-0.006498057549168133,-0.8130512143721023,-0.8420638448722194,-1.0704387918881033,-0.9629606635182237,0,1
2023-09-06,-0.014336960788471562,-0.6296583195467151,-0.7527131897536734,-1.0841611526553816,-0.8841110159466447,0,1
2023-09-07,0.017903240611884592,-0.4408812308897374,-0.6663137871068642,-1.0459656933829367,-0.8930712458962307,0,1
2023-09-08,0.002427711054202598,-0.7355219473555401,-1.080035466425434,-1.0504435972188058,-0.9934253428055131,0,1
2023-09-11,0.0342997548791783,-0.0856235630798776,-0.7222367146038969,-0.8013847361964581,-1.0005934925847475,0,1
2023-09-12,-0.013479033152736979,0.034136944596064825,-0.5968612667012593,-0.8038974124537651,-0.92353592518352,0,1
2023-09-13,0.024983988755572662,-0.1351906879635681,-0.48832662498699264,-0.7881042185123504,-1.0579388617207948,0,1
2023-09-14,-0.0012229575975988426,-0.07155179878902679,-0.47861752477937175,-0.8859163741740055,-1.176213418529249,0,1
2023-09-15,-0.03070163065306261,0.5502202267173463,-0.19483022195100552,-0.686915400631991,-1.002385572755099,1,1
2023-09-18,-0.003249775664271489,-0.01714549389140898,-0.18922727912058804,-0.694040705348964,-0.9647527436885752,1,1
2023-09-19,-0.017255605037602678,0.02357856261559533,-0.11343903551078646,-0.6433516894408385,-0.9450403745212234,1,1
2023-09-20,-0.01747342824714931,-0.7301203558084443,-0.0860599906038154,-0.5870530010167435,-0.7604602186271359,1,1
2023-09-21,-0.04537832217177387,-0.3956852251467807,0.24509103113173314,-0.27555129210179236,-0.33037071916655386,1,1
2023-09-22,-0.0019501656470104715,-0.2614185062034106,0.23003204467372215,-0.38398512617557823,-0.3913000777411325,1,1
2023-09-25,0.016189095889473797,0.18973337806544902,-0.08001186266014988,-0.35616465574898565,-0.4450614574386482,1,1
2023-09-26,-0.04145815328950631,0.48448303741821674,0.16952112810088024,-0.11429120422205062,-0.07948530599117631,1,1
2023-09-27,-0.0003250407674093904,0.5871001506454604,-0.17163471877254577,-0.15266472333159647,-0.20851234382173958,1,1
2023-09-28,-0.0003250407674093904,0.07663739584673192,-0.164682751052444,-0.15411321822541807,-0.36621163896489767,1,1
2023-09-29,0.008683312226923348,0.15935434343358462,-0.13740569424956078,-0.227320513803873,-0.33395487950725683,1,1
2023-10-02,0.017915420375831295,0.19297222846651424,0.052186480452297145,-0.15673869361027853,-0.31782649977843647,1,1
2023-10-03,-0.03762581120825499,0.05401594897522976,0.23803871574704968,0.004870570286108309,0.07104601027491883,1,1
2023-10-04,0.017790811154111835,0.21805283850080556,0.3791094792596218,0.05946972558229451,-0.14399882490645793,1,1
2023-10-05,-0.008547738261574284,0.2555016492205442,-0.022446226761751918,-0.0065167885120985015,-0.16012720463527835,1,1
2023-10-06,0.015428278194688195,0.32711596100547413,0.058515992190379326,0.04287241119760342,-0.3464990988953743,1,1
2023-10-09,0.002016662198433452,0.17206298604535614,-0.024005459789448555,-0.17526524988226977,-0.30169812004961605,1,1
2023-10-10,0.00914194440119456,-0.8458401873810943,-0.5150514455737041,-0.15423024917188724,-0.42176475702842187,1,1
2023-10-11,0.01766179083101288,-0.8485956027870938,-0.4496812968724936,-0.21281152204866502,-0.5902165331936889,1,1
2023-10-12,0.003460548195189491,-1.1684972349909684,-0.45684814323716944,-0.2040828556991076,-0.4826941156030005,1,1
2023-10-13,-0.019706149418428905,-0.5735490201903054,-0.29895652958670293,-0.27518891546262386,-0.011387968539534698,1,1
2023-10-16,0.02071720702009894,-0.38497305325765413,-0.2692075992918259,-0.1827672083870773,-0.389508339375124,1,1
2023-10-17,-0.008506298532345443,-0.2891700378119451,-0.8123762303745756,-0.2097768690869829,-0.2694417023963182,1,1
2023-10-18,-0.026058327131200945,-0.1548130954805311,-0.57876504471187,-0.16005717527140287,-0.029308428438706596,1,1
2023-10-19,0.0017798913235289198,-0.17198926878573823,-0.6122143467058788,-0.4630202209257802,0.3613561617850002,1,1
2023-10-20,-0.025802585776711306,-0.06337166213396973,-0.4753011572281412,-0.3618743810966813,0.41690927984852433,1,1
2023-10-23,0.010718645250040354,-0.3533345529739712,-0.4262051015995742,-0.38991257451371847,0.17677634769525571,1,1
2023-10-24,0.015354176942605291,-0.05213959964627029,-0.3714908973998543,-0.636617028254568,-0.07410940728446484,1,1
2023-10-25,-0.05771224532457254,0.8671866703871084,0.254693102438023,-0.10072886732999281,0.1445195882376149,2,0
2023-10-26,-0.01543156726988842,0.7927837088769688,0.22263860399135582,-0.07706585983373564,0.2323294657587799,2,0
2023-10-27,0.06576991926355255,2.1341756622158212,1.2243954722263182,0.5055327813007323,0.3380598031791168,2,2
2023-10-30,0.03784437486208844,2.358714999317069,1.3981497691909093,0.6338953053179477,0.06566976976386436,2,2
2023-10-31,0.0025341757753468454,2.352565552386046,1.3861187959165313,0.44894785057990183,-0.2228486433802085,2,2
2023-11-01,0.028630321478288173,0.9516514516784712,1.3438252541954845,0.5013660304481785,-0.4504373561453597,5,1
2023-11-02,0.0074548893796663115,0.42873879709221524,1.3399973038651694,0.48440805752792115,-0.667274271497088,4,1
2023-11-03,0.003506234050101211,-0.3730795025639298,1.1446050449039862,0.46857203861546687,-0.8016772080343627,4,1
2023-11-06,0.007866420874073514,-0.848331654164632,1.1450371362751068,0.47016714762555795,-0.8052611974728942,4,1
2023-11-07,0.02070601295622243,-0.8555441939505274,1.1603637758722094,0.4998933116075332,-0.8195974970313631,4,1
2023-11-08,-0.004749394793884719,-0.9753518101146132,0.21423741154339151,0.48655826556150883,-0.8841110159466447,4,1
2023-11-09,-0.010796310111701252,-0.7239222069230252,0.14872577240868004,0.5095714672000817,-0.7335796996805496,4,1
2023-11-10,0.020508985718764857,-0.5298162474375847,-0.6523655778208136,0.47760137692627147,-0.9342880644012859,0,1
2023-11-13,-0.007104736429407356,-0.42552408914586515,-0.8808981418143371,0.4588403423729298,-0.828557726980949,0,1
2023-11-14,0.02193744612703664,-0.3959915099921764,-0.8075691839885275,0.47821600767618555,-0.9360801445716375,0,1
2023-11-15,-0.01831864805770342,-0.1565800482119388,-0.7577814938421841,0.4269327848365713,-0.9324959842309344,0,1
2023-11-16,-0.0029121492884409583,-0.23969390536790328,-0.7468590189316195,0.43346892610031695,-0.9074075454546996,0,1
2023-11-17,0.015994135945701603,-0.32968942543240914,-0.6874645042545281,0.3193190254122407,-1.0005934925847475,0,1
2023-11-20,0.006197327725853445,-0.39492585746528025,-0.691067683823163,0.3176164476582316,-1.070483081108912,0,1
2023-11-21,-0.015703139189797446,-0.5178733850967523,-0.6960076918074302,0.3666776654056774,-1.0812352203266782,0,1
2023-11-22,0.019014282668647277,-0.542401787535059,-0.5990719815211336,-0.19573254170745896,-1.1708371780181945,0,1
2023-11-24,-0.00012058496128580535,-0.5694642238393961,-0.6695314947045645,-0.27851300886739416,-1.2407267665423591,0,1
2023-11-27,0.0063988629248453435,-0.6800345993528537,-0.783272941862042,-0.8747891925265431,-1.199509948037304,0,1
2023-11-28,-0.00507465589302832,-0.652077977067752,-0.7978909880505147,-1.0773608906750118,-1.199509948037304,0,1
2023-11-29,-0.005165625915787959,-0.8965091138734864,-0.9649777179705882,-1.055734014136361,-1.1475408194123111,0,1
2023-11-30,-0.0018982498292540693,-1.3605608221012029,-1.1472042280162875,-1.2021263914778872,-1.1582929586300772,0,1
2023-12-01,0.006088753442813856,-1.270580885521032,-1.1525034921545954,-1.2049034415142457,-1.2102620872550698,0,1
2023-12-04,-0.01533202044095265,-1.1060729473403674,-1.1293898174273662,-1.126224018925008,-1.1296203595131393,0,1
2023-12-05,0.013661259734705514,-0.8168806275598319,-1.0506542312109144,-1.1014637977145667,-1.1708371780181945,0,1
2023-12-06,-0.016523065040587395,-0.631095403198529,-1.0372949602153965,-1.1169866306425231,-1.1493327286804913,0,1
2023-12-07,0.015872983505768476,-0.4180059090051028,-1.09338658629306,-1.0698198685429732,-1.1332043489516708,0,1
2023-12-08,0.003344642457337659,-0.43413614712420495,-1.0874292934889371,-1.1066427129822134,-1.2604391357097111,0,1
2023-12-11,-0.010757775207723416,-0.5247042263521774,-1.061678795492626,-1.1626206616115293,-1.2102620872550698,0,1
2023-12-12,0.010514594728606998,-0.5790374698774066,-1.0071485062876415,-1.155661939782679,-1.3106163550665237,0,1
2023-12-13,0.008854293710497702,-0.8929838656555719,-0.9914084856792664,-1.2531882644030925,-1.2891119057288203,0,1
2023-12-14,-0.009911276301018858,-0.8926294979091963,-0.9395600057105088,-1.3227570097540817,-1.2371427771038277,0,1
2023-12-15,0.01682459812535208,-0.679923667578541,-0.8411507287827648,-1.264547060733117,-1.272983526,0,1
2023-12-18,0.02664676913128934,-0.6117491708548215,-0.7744325533071127,-1.1592866987533639,-1.2228063066431873,0,1
2023-12-19,-0.0021441411035855967,-0.5114766750076223,-0.7834350927488513,-1.1575595760530064,-1.2281825471542418,0,1
2023-12-20,-0.01124338160153657,-0.3118102677880192,-0.8655989275785287,-1.1934559940155889,-1.0238900220928024,0,1
2023-12-21,0.010918385746818695,-0.4698779254845326,-0.9042889180204607,-1.2474825400892686,-1.0274741824335054,0,1
2023-12-22,-0.003058871647035291,-0.4891444474080367,-0.8824290480754414,-1.241893362786131,-1.1385805894627252,0,1
2023-12-26,-0.0003901876355763461,-1.084014277389611,-0.9747621567970732,-1.2465054152933714,-1.1457487392419596,0,1
2023-12-27,-0.0007814862470129768,-1.085553840121577,-0.9825951578071936,-1.2570911996191736,-1.246102836151242,0,1
2023-12-28,-6.416084442057433e-05,-1.2963746480357483,-0.9934271539692524,-1.2695572546978344,-1.2389346863720077,0,1
2023-12-29,-0.009757852795561187,-1.4201247890089277,-0.9952746141263642,-1.237215700517273,-1.2425188467127106,0,1
2024-01-02,-0.013642293254822215,-1.223084211640424,-1.007637604884442,-1.186555048226125,-1.1081159101754359,0,1
2024-01-03,-0.010110584569509435,-1.2450089303481384,-1.4688022560076615,-1.2231612759051778,-0.9575845939093408,0,1
2024-01-04,-0.026944096638755213,-0.9320037927640249,-1.1682913082613657,-1.0897283126146577,-0.9414562141805204,0,1
2024-01-05,0.004298673617571784,-0.8074897692125615,-1.1296857829289302,-1.1460001740834012,-1.0812352203266782,0,1
2024-01-08,0.025904637571577335,-0.03243909998142861,-0.8101216445926144,-1.045601486888257,-1.1296203595131393,0,1
2024-01-09,0.014784835043188282,0.022431856231274527,-0.6895392645513737,-1.0014585795078468,-1.186965557747015,0,1
2024-01-10,0.015145609848111075,-0.019966069238153514,-0.5935312932350054,-0.9949860149638516,-1.199509948037304,0,1
2024-01-11,0.009062856367650666,-1.0715168065925458,-0.5668717441374017,-0.9999583664263495,-1.244310926883062,0,1
2024-01-12,-0.003940264722106652,-0.8308046761322643,-0.5594872953103357,-1.003208279420229,-1.1977178678669524,0,1
2024-01-16,-0.009812352560856297,-0.7909830449652243,-0.5590900659233551,-1.0037248900668934,-0.9934253428055131,0,1
2024-01-17,-0.009837343272241535,-0.7857385935076929,-0.5929525715354199,-1.0353638950337176,-0.8231816573720661,0,1
2024-01-18,0.011404678245230122,-0.8867388960385885,-0.6131010702616694,-1.1773804507173988,-0.9414562141805204,0,1
2024-01-19,0.011590631622040017,-0.831404769083733,-1.0215579333828202,-1.1435364202666929,-1.090195450276264,0,1
2024-01-22,-0.003936534228495751,-0.8314330677222334,-0.9718297375692814,-1.1727582220715043,-1.1099079903457874,0,1
2024-01-23,0.007654444821201673,-0.9305817151932495,-1.1920847213433117,-1.1874662437737311,-1.2245983868135388,0,1
2024-01-24,0.0051081334300229235,-1.2207710100786355,-1.2635232929492244,-1.1856155263239148,-1.118868049393202,0,1
2024-01-25,0.0052690549122546785,-1.277528173755515,-1.3589575499467401,-1.1812398004648592,-1.0633149313296777,0,1
2024-01-26,0.008322061670631282,-1.345895848217319,-1.3655391757889561,-1.169781947097523,-1.0973636000554985,0,1
2024-01-29,0.013034290566081458,-1.492976186020011,-1.3307872317102822,-1.1393257439306257,-1.0364342414809198,0,1
2024-01-30,-0.014438773740031993,-0.8629723903846513,-1.2388870666708272,-1.1067342690998476,-1.0884033701059126,0,1
2024-01-31,-0.024514654901910723,-0.37386726768611206,-0.9356600547943208,-1.0005701914399983,-0.9020313049436451,0,1
2024-02-01,0.02562402323891926,0.0060049181545990165,-0.7431451719120687,-0.9139249931910528,-0.9862571930262786,0,1
2024-02-02,0.07540050800448787,1.6279800277808985,0.5626136747994634,-0.2287974484013908,-0.9916332626351616,2,0
2024-02-05,-0.009093950115693904,1.7571361359139748,0.5974225494442521,-0.18593867279779178,-1.0238900220928024,2,0
2024-02-06,-0.007159473139814513,1.6709468548844326,0.6481608824246846,-0.21199965260248554,-1.1332043489516708,2,0
2024-02-07,0.007800327255857417,1.228523845503216,0.6465698597262735,-0.22387162691232454,-1.1744213383588975,5,1
2024-02-08,-0.004379472101055848,1.3184446648061101,0.6746314393555581,-0.22531005209339475,-1.181589488138132,5,1
2024-02-09,0.026456313538890774,-0.49178923961700455,0.743499701713631,-0.1577481928169255,-1.1565008784597257,4,1
2024-02-12,-0.012493942344305006,-0.4280293812832369,0.8170890373927617,-0.12297538429635564,-0.9772969630766927,4,1
2024-02-13,-0.02202802759596074,-0.14492050397623002,0.8875846542241786,-0.048558125284661406,-0.6332254318690956,4,1
2024-02-14,0.013455263108863446,-0.07511197671549706,0.6942076403679981,-0.07068219890364377,-0.8966552353347621,4,1
2024-02-15,-0.007250314527514848,-0.05711285043707791,0.6745337232590262,-0.0537732421462822,-0.9629606635182237,4,1
2024-02-16,-0.002034442893058305,-0.6321841754886474,-0.7790296650035713,-0.05534788160341371,-0.9217438450131685,0,1
2024-02-20,-0.014764179903544146,-0.6052336970182584,-0.7334762049813881,-0.014379895587899063,-0.7102831701724946,0,1
2024-02-21,0.008671918750191764,-0.7761600428509122,-0.7060445149058552,-0.01302937013252558,-0.7246194697309636,0,1
2024-02-22,0.03458834892241085,-0.11341877195827225,-0.3257243124559248,0.1150990685074393,-0.8679826362178243,0,1
2024-02-23,0.0020207202620034542,-0.19234497111836094,-0.33981361739471416,0.11624852412997667,-1.0095537225343334,0,1
2024-02-26,-0.001812000693208921,-0.19435505818796725,-0.547697573459462,0.11998415628167237,-1.0113458027046849,0,1
2024-02-27,-0.007158859988946558,-0.3602308114151545,-0.5854831888962613,0.12499347264491309,-1.0668989207682091,0,1
2024-02-28,-0.002517078722548402,-0.31557650028793593,-0.7899551854431388,0.08542636020035026,-0.9934253428055131,0,1
2024-02-29,0.02025176469568349,-0.8525901770119106,-0.7125084454507583,-0.004838807025831918,-1.0722751612792636,0,1
2024-03-01,0.007900859081006297,-0.8264892033579353,-0.7537456673607079,-0.061160228706910444,-1.1242442899042564,0,1
2024-03-04,-0.003922567886065845,-0.8018394594565256,-0.7425537510636722,-0.9684939749940736,-1.0561467815504433,0,1
2024-03-05,-0.020001574041448447,-0.4794816559150691,-0.6554653062308282,-0.894067081692622,-0.8823189357762932,0,1
2024-03-06,-0.0038345264541881636,-0.47305307324433715,-0.6483344453934633,-0.9031465602459462,-0.8751507859970588,0,1
2024-03-07,0.018572063677622392,-0.5210229365921983,-0.9821075650533565,-0.8485039150270517,-0.8859030961169962,0,1
2024-03-08,-0.00867333677315438,-0.5594209862821163,-0.9445775337792208,-0.8343893277041985,-0.832141887321652,0,1
2024-03-11,-0.01984712148994145,-0.4045275195074598,-0.7903865931607549,-0.8966480517912155,-0.746123919068667,0,1
2024-03-12,0.01942509085139782,-0.27472415085998764,-0.6497925912933374,-0.8465591152592891,-0.9934253428055131,0,1
2024-03-13,0.006323645063363345,-0.2861627487534417,-0.644980049090534,-0.9576911113975117,-1.0095537225343334,0,1
2024-03-14,0.012002392685856279,-0.3957297485268425,-0.7400012523443977,-0.9646709410246891,-0.8930712458962307,0,1
2024-03-15,-0.02484704904064984,-0.06319991783626655,-0.5527369902773068,-0.8324404110604119,-0.8912791657258792,0,1
2024-03-18,1.8883338263943252e-05,-0.3090127611876477,-0.5518132439651213,-0.8342053802434741,-0.9056154652843481,0,1
2024-03-19,0.007780478870771274,-0.5028976138012984,-0.6617676182019555,-0.8831854495489592,-0.9970095031462161,0,1
2024-03-20,0.012385199979161978,-0.42929775857155533,-0.6280990902028887,-0.8702922333747207,-1.1367885092923737,0,1
2024-03-21,-0.0003250407674093904,-0.5290577491983873,-0.7406290530840923,-1.1169189340703192,-1.1582929586300772,0,1
2024-03-22,0.0037083591483349806,-1.304032018686774,-0.7758451161068971,-1.115155180124425,-1.1332043489516708,0,1
2024-03-25,0.004360179428926479,-1.358558071653068,-1.00359011388566,-1.1141039089877924,-1.1099079903457874,0,1
2024-03-26,-0.008201976685837442,-1.1226451312028767,-1.0841384104241238,-1.1096564256355288,-1.1009477603962015,0,1
2024-03-27,0.008219387606884065,-1.2317640126109641,-1.0726785148225786,-1.1015405574160886,-1.1833815683084834,0,1
2024-03-28,0.0027287526804935965,-1.2387404094801175,-1.1345312330286974,-1.1922292559011207,-1.1421645789012567,0,1
2024-04-01,0.0029404738428834595,-1.2420854391987963,-1.6432227284095648,-1.2046808478974338,-1.0274741824335054,0,1
2024-04-02,-0.0018734499495403276,-1.2389568536022575,-1.6272723567807734,-1.2082912034271236,-0.8554384168297069,0,1
2024-04-03,0.009149010772354003,-1.3812098125761554,-1.613261313724116,-1.313711842203234,-0.9056154652843481,0,1
2024-04-04,-0.013625110652275398,-1.0365765567681484,-1.4927214662695272,-1.2573004729690058,-0.5436234741775792,0,1
2024-04-05,0.027452279807433574,-0.4610081981958634,-1.0890198756931337,-1.1589730845545623,-0.6009686724114548,0,1
2024-04-08,0.0003231260247022871,-0.4501867259888587,-1.0844411285026219,-1.1880333251170059,-0.7515001595797215,0,1
2024-04-09,0.002263515532928428,-0.47677229585224923,-1.085027452946209,-1.3280001469081881,-0.7891329886462453,0,1
2024-04-10,0.0011818686344549092,-0.4865667381558564,-1.1545391966625218,-1.405201670534604,-0.6421856618186816,0,1
2024-04-11,0.016208701752761397,-0.7367409365627333,-1.0865679149610228,-1.3560787684797024,-0.8016772080343627,0,1
2024-04-12,-0.015891206703360992,-0.7871519079391228,-0.901719378520969,-1.28776373382187,-0.3715878794759521,1,1
2024-04-15,-0.013902043187384736,-0.6324802484284837,-0.7938882079194027,-1.4229820404624172,-0.027516348268355105,1,1
2024-04-16,-0.0019601192969081306,-0.6506339499746818,-0.7936703079896879,-1.4191642826240543,-0.17625558436409874,1,1
2024-04-17,-0.011515549815624693,-0.6291755206806877,-0.7721369742803772,-1.3783780624448772,-0.21030442399209107,1,1
2024-04-18,-0.011753723046033651,-1.3076418664978482,-0.7902898456463643,-1.3746562277628815,-0.24793708215644333,1,1
2024-04-19,-0.026269671122025568,-1.0194424774586326,-0.9819531724098852,-1.1947970327349007,-0.12070246630057457,1,1
2024-04-22,0.01445378128011006,-0.47560177591415065,-0.8201233267284518,-1.1396721263449983,-0.4378931367572423,1,1
2024-04-23,0.01262464620612971,-0.2570462800339165,-0.7219420422529006,-1.1028538082131945,-0.661898201888205,1,1
2024-04-24,-0.016892387014012113,-0.19743585806623637,-0.6761286968300155,-1.0532085445027095,-0.6117209825313923,1,1
2024-04-25,-0.016998745238797495,-0.1467391726502481,-0.8581878673716428,-1.0185584540410955,-0.7192434001220807,1,1
2024-04-26,0.03336150407554499,0.11910256850770519,-0.3208228408445938,-0.7651196315130162,-0.7801727586966593,1,1
2024-04-29,0.007107527643109768,0.07356096002760823,-0.3281783655414888,-0.7560665949526283,-0.8446861067097694,1,1
2024-04-30,-0.03381511631309307,0.4870787353445988,-0.05903648762802707,-0.5545608323632352,-0.6690663516674394,1,1
2024-05-01,0.0222747911498316,0.6197820895712106,0.09525157225767192,-0.4744388664096178,-0.7156592397813777,1,1
2024-05-02,0.031130325046472784,0.6147783576505548,0.2869999365241313,-0.340580790973893,-0.8428940265394179,1,1
2024-05-03,0.007708892726976537,0.3809090528653297,0.05774606013898675,-0.45351727266748854,-1.0561467815504433,1,1
2024-05-06,0.012958290285534685,0.3938868876365546,0.051783582589465374,-0.4262009583622008,-1.0561467815504433,1,1
2024-05-07,-7.139212504189566e-06,-0.7167162340244289,0.04524944426950744,-0.42664037643319597,-1.102739840566553,1,1
2024-05-08,-0.004359415694332357,-0.5756984356995094,-0.06129636935224154,-0.42298119195555417,-1.1439566590716082,1,1
2024-05-09,0.007622020925122549,-1.1753021324850277,-0.2272193901281657,-0.45783807793202025,-1.199509948037304,1,1
2024-05-10,-0.011041915024274426,-0.949352475743085,-0.3627939178388318,-0.4802497692083167,-1.2245983868135388,1,1
2024-05-13,-0.0051906479919027314,-1.1717098239902994,-0.3442588746139229,-0.5100907819063348,-1.0364342414809198,1,1
2024-05-14,0.0023513337045697616,-1.146308043398556,-0.8823345078889947,-0.5106736107454339,-1.0686910009385606,0,1
2024-05-15,-0.00611501991874806,-1.131083976931433,-0.9637375130940383,-0.5290754300597389,-1.2425188467127106,0,1
2024-05-16,-0.013095089007590089,-1.2518519411887632,-1.3405921233977487,-0.5227273186961366,-1.2478949163215936,0,1
2024-05-17,0.005484939793420685,-1.135041201346109,-1.36359547676993,-0.6630833307738873,-1.3249526546249928,0,1
2024-05-20,-0.006625320638813494,-1.124801701188502,-1.5201200453139858,-0.6788204916464987,-1.296280055508055,0,1
2024-05-21,-0.0024521756788233205,-1.183362411412964,-1.5283465414899882,-0.7022086338685294,-1.3482491841330475,0,1
2024-05-22,-0.00043418685105216514,-1.170549939230982,-1.523364324200894,-0.7651846796467298,-1.2711914458296485,0,1
2024-05-23,-0.011748097515826669,-1.2100870193482194,-1.5869210882853815,-0.7990142461025793,-1.1851734775766636,0,1
2024-05-24,-0.0019834327960694485,-1.3747526050285237,-1.6229121622774598,-1.0255774011455505,-1.3357047938427586,0,1
2024-05-28,0.007390588140105267,-1.1819815665528135,-1.5212700438500786,-1.0246281347309867,-1.1582929586300772,0,1
2024-05-29,-0.001038936092108059,-1.1821670753897624,-1.541822194146925,-1.3293644230492583,-0.914575695233934,0,1
2024-05-30,-0.015269675257456315,-0.9881706418676317,-1.4361399879755063,-1.3904100853442478,-0.8805268556059417,0,1
2024-05-31,-0.01651611182527985,-0.8905442598153811,-1.3831829515570895,-1.668067150693587,-1.1582929586300772,0,1
2024-06-03,0.010385890331125846,-0.6915816464545035,-1.3041069969387455,-1.644743716681292,-1.1242442899042564,0,1
2024-06-04,0.005266564164258768,-0.7272348182042221,-1.265836503895805,-1.7144584820637785,-1.1152840599546703,0,1
2024-06-05,0.010434324674511487,-0.592659981083904,-1.174927788040315,-1.6514572933219804,-1.2102620872550698,0,1
2024-06-06,0.0199879937650186,-0.5941573834711918,-0.9635550268761132,-1.4903794315424077,-1.2192223172046557,0,1
2024-06-07,-0.004115984611314256,-1.011624031564624,-1.0297673265966947,-1.5146811646799356,-1.2837356652177658,0,1
2024-06-10,0.014539485953114738,-0.9751858333969861,-0.9660615534664282,-1.4680092957842414,-1.190549718087718,0,1
2024-06-11,0.0005833360723893806,-0.9135602296810339,-0.9738984124920557,-1.475383028864743,-1.1708371780181945,0,1
2024-06-12,-0.0021426203457742665,-0.8380021224430964,-0.9697697450346412,-1.4764289765009164,-1.3159924246754067,0,1
2024-06-13,-0.016833818528420294,-0.8010898297300606,-0.9430840624818184,-1.404558452234851,-1.3339128845745787,0,1
2024-06-14,-0.0012502260977873573,-0.8087043328897034,-1.1219453241167532,-1.4521778528054594,-1.2048860176461869,0,1
2024-06-17,0.0018504952541252436,-1.1156393605893218,-1.148453995637542,-1.4614692314736122,-1.1887576379173665,0,1
2024-06-18,-0.007139470149822935,-1.139216908513735,-1.1063369692269884,-1.4594083210536009,-1.269399365659297,0,1
2024-06-20,0.017511806913652284,-0.6787737068498999,-1.0196330617135547,-1.3680491703511994,-1.093779610616967,0,1
2024-06-21,0.015560978396475343,-0.8403432694055939,-1.0899127411620202,-1.3069527853773075,-1.1081159101754359,0,1
2024-06-24,-0.019063047551454094,-0.438502862082601,-0.9067906122565985,-1.2411895867800393,-1.0848193806673812,0,1
2024-06-25,0.0038156927770218135,-0.4360496355935899,-1.0001280785498583,-1.2416118866596733,-1.172629258188546,0,1
2024-06-26,0.03794784641670096,0.03328627601020105,-0.4639324013252122,-0.9371398090150399,-1.2245983868135388,0,1
2024-06-27,0.02133832835967713,0.06422717831293445,-0.3807564769253811,-0.8709956138287697,-1.2801516757792344,0,1
2024-06-28,-0.023849551980517972,0.49848985147428393,-0.2699491745925998,-0.7887809592216142,-1.244310926883062,1,1
2024-07-01,0.019908698458148796,0.24353227366541008,-0.22440728436420546,-0.8279055152934603,-1.2837356652177658,1,1
2024-07-02,0.01377389908753772,0.2059914141107928,-0.22139342447160715,-0.818478406885579,-1.3177845048457582,1,1
2024-07-03,-0.012448249103600284,0.007447613662441584,-0.16725244608252565,-0.757261995383303,-1.3070321947258208,1,1
2024-07-05,0.011798167568781461,-0.13623100869108706,-0.19200339589601903,-0.753708072518176,-1.2371427771038277,1,1
2024-07-08,-0.0038813906591187684,-0.6074686320483824,-0.19125285143065057,-0.7925652210850394,-1.2568551462711797,1,1
2024-07-09,-7.41662555984753e-05,-0.8222988190993173,-0.3697397871128945,-0.8017399828275131,-1.2317665365927732,1,1
2024-07-10,0.0019298493716886052,-1.0083297319025295,-0.3650973002433816,-0.8273313965484811,-1.1708371780181945,1,1
2024-07-11,-0.024335870475951912,-0.6216109601389016,-0.49973839031177786,-0.6865020883279817,-1.1582929586300772,0,1
2024-07-12,-0.0032002162671485907,-0.8580240055024626,-0.6748734551063506,-0.6847330898280457,-1.2407267665423591,0,1
2024-07-15,-0.009467452225671955,-0.855704154173216,-0.8535671682498776,-0.727517244814962,-1.122452209733905,0,1
2024-07-16,0.0012304272056979614,-0.8360296538649562,-1.0649246759223614,-0.7295652623574421,-1.1099079903457874,0,1
2024-07-17,-0.02704935928582164,-0.681486035352991,-0.979407423164394,-0.576650421513123,-0.8787349463377617,0,1
2024-07-18,-0.022818416769850355,-0.7108951072502657,-0.8793397210743992,-0.49126546109659364,-0.6188891323106267,0,1
2024-07-19,-0.0037048690444040177,-0.7187929962755056,-1.0607445763517016,-0.5475300877342091,-0.5131587948902898,0,1
2024-07-22,-0.0034972257643345775,-0.6642812707873293,-1.0586264739907365,-0.600322412546878,-0.8016772080343627,0,1
2024-07-23,0.02059940294017397,-0.133692189834476,-0.7226209802302817,-0.5734153482052908,-0.8357258767601835,0,1
2024-07-24,-0.03071623577129608,-0.04730655708836811,-0.58191500820871,-0.42249657904471694,-0.2407687614750374,1,1
2024-07-25,-0.005759210211799172,-0.20128210528487506,-0.6597372102283374,-0.7237663104343471,-0.1655034451463328,1,1
2024-07-26,0.014301928176803714,-0.03632136823431937,-0.49493723730454325,-0.7852304383490002,-0.5364554953005162,1,1
2024-07-29,0.0035032217920074253,-0.03393485310304546,-0.4680300389232851,-0.8583057450905845,-0.49882249533182094,1,1
2024-07-30,-0.008491429740153962,-0.3265552746795543,-0.48279782447160235,-0.9742325381716193,-0.30349020021996753,1,1
2024-07-31,0.02826454903671279,-0.4617432424234815,-0.3314409152144836,-0.8184714080311718,-0.5418313940072277,1,1
2024-08-01,-0.01601051734572134,-0.24302794547701928,-0.4137049879612428,-0.8032477280042987,-0.14220674473610645,1,1
2024-08-02,-0.09227267287103212,2.1421398193427366,1.2926636964647689,0.3009584870861436,0.7179719123807147,2,2
2024-08-05,-0.04216496109325295,2.0931307752825576,1.4439456422262977,0.4255719470035712,3.43828740258385,2,2
2024-08-06,0.0053104496816353845,2.244491705800048,1.3104874618898998,0.44332476016664335,1.4921327721467221,2,2
2024-08-07,0.004849049029844266,1.7548467049431384,1.3068177466889335,0.4533073535252347,1.5172215527273,2,2
2024-08-08,0.01811903268818341,2.191774149732849,1.4311947879762685,0.5187404872350051,0.7896537519774022,2,2
2024-08-09,0.006527179172180712,0.2502782094146691,1.3824390316552488,0.5415340669036391,0.17677634769525571,5,1
2024-08-12,-0.0011640135938968882,-1.1634602391123672,1.3661264624373075,0.546322008446213,0.23770536446549137,4,1
2024-08-13,0.02002988974034632,-0.986987195423266,1.4956931422967894,0.6240233570572398,-0.22643246191656846,4,1
2024-08-14,-0.0010889442119798086,-0.8911150862660224,1.2854046623242812,0.5750909968482427,-0.572296073294517,4,1
2024-08-15,0.04276592599420646,-0.16883970849701296,1.6652524211267585,0.77823366141341,-0.744332009800487,4,1
2024-08-16,-0.0033138984184452984,-0.049280252395614274,0.0034072340511720855,0.7781053737408041,-0.8213895772017146,0,1
2024-08-19,0.006205063872260073,-0.1282384133818075,-0.7894433776837565,0.7847727872936621,-0.8482702670504724,0,1
2024-08-20,0.0033714274619152844,-0.13671440059363713,-0.7808611347387305,0.7315419238241632,-0.6278493622602127,0,1
2024-08-21,0.006527520707012414,-0.2044573642481009,-0.7864079452688882,0.6418563690420206,-0.5579597737360481,0,1
2024-08-22,-0.022670433038166907,-0.7145894394030662,-0.48201867054456954,0.692936311443743,-0.3285789808005454,0,1
2024-08-23,0.004828230585521507,-0.6873447019191667,-0.48206903848596017,0.6689382546845697,-0.6314335226009157,0,1
2024-08-26,-0.009061655681399513,-0.6991325189220806,-0.4278778798058498,0.6707142783857066,-0.579464393975923,0,1
2024-08-27,-0.013979116219999341,-0.6940763240562327,-0.42712865120245597,0.681463009991767,-0.7084910900021432,0,1
2024-08-28,-0.013816708998836214,-0.8990140419177438,-0.35992644165745874,0.5746053249017058,-0.40742845746995293,0,1
2024-08-29,0.007373539612432578,-0.8807479077529962,-1.1124006311246284,0.5743170960718346,-0.6690663516674394,0,1
2024-08-30,0.03607168085053861,0.06942766511677262,-0.5212329155251546,-0.4036578353869327,-0.7855488283055423,0,1
2024-09-03,-0.013010200294725077,0.11668240462899189,-0.48262225429845923,-0.7309661138900188,0.23949744463584285,1,1
2024-09-04,-0.017031179942588365,0.16353770491351435,-0.4230634871191217,-0.6494983472164604,0.34701986222653125,1,1
2024-09-05,0.02564303502150832,0.24001977190155926,-0.2030224318563245,-0.5603224775435391,0.0925502887104507,1,1
2024-09-06,-0.037548761230230654,0.8989654148637056,0.02596049241672092,-0.32404688259700765,0.5369759168273301,1,1
2024-09-09,0.02280234652968258,0.5843370861757455,0.17203524295919642,-0.25685552797449746,0.011908731870691669,1,1
2024-09-10,0.023059651760996697,0.729728011426428,0.2751822960799578,-0.19511751594958657,-0.054396867214941455,1,1
2024-09-11,0.02697910340787647,0.6356420564431866,0.3230734835093364,-0.15285482028875358,-0.30349020021996753,1,1
2024-09-12,0.013025694243097803,0.5519501098734559,0.2241038839324074,-0.14472732258291057,-0.41459677815135887,1,1
2024-09-13,-0.0030560098230993345,-0.7242013842577001,0.25441704733579973,-0.3849468585609196,-0.5059908160132268,1,1
2024-09-16,-0.008941638225205134,-0.40693798359350225,0.0734211521387282,-0.36982031570473,-0.4020525587632415,1,1
2024-09-17,0.010380634659415083,-0.549177761169974,0.004050148681637108,-0.3610751806140486,-0.31782649977843647,1,1
2024-09-18,-0.002735972314661431,-0.9521171694346283,-0.12184992727422848,-0.3579068130077857,-0.20672026365138807,1,1
2024-09-19,0.017958766750631953,-0.8145676313168402,-0.18870487084263668,-0.31983125264335205,-0.5472076345182821,1,1
2024-09-20,0.008745254886145163,-0.839212607962982,-0.9454683446894985,-0.42438865383586716,-0.579464393975923,0,1
2024-09-23,0.011504498002211094,-1.1211995543446276,-1.0196847146063885,-0.4151081611118791,-0.6260572820898612,0,1
2024-09-24,8.750992255178696e-05,-1.0402930261920922,-1.0900929969771165,-0.4428327712844837,-0.7156592397813777,0,1
2024-09-25,-0.00772504821834292,-0.9024045825818329,-1.2441585063538059,-0.4765665906908154,-0.7120752503428462,0,1
2024-09-26,-0.007466227301069867,-0.9992733621537537,-1.241194001904974,-0.5115942848665062,-0.7192434001220807,0,1
2024-09-27,-0.01715345151202409,-0.8484714667383997,-1.065617877679208,-0.4303492472888245,-0.43430931822088226,0,1
2024-09-30,-0.009088117823785002,-1.2409761271248774,-1.064202222691181,-0.5982163210995077,-0.4755261367259375,0,1
2024-10-01,-0.006786038457543688,-1.4008329617291047,-1.103458577786421,-0.62551802393283,-0.022140107757300638,1,1
2024-10-02,-0.002325692312486413,-1.3027582039437535,-1.1040153014635732,-0.6932366938318222,-0.08665362667258227,1,1
2024-10-03,-0.015595776999172332,-1.2374931828017464,-1.2595110673007295,-0.7444425743600718,0.1982806261307876,1,1
2024-10-04,0.024372867130270384,-0.4369866763881932,-0.9268170964272875,-0.977155702035781,-0.031100508609058084,1,1
2024-10-07,-0.03141840342711381,-0.003527098173084274,-0.751171822935949,-0.8177175525111074,0.5835689758434399,1,1
2024-10-08,0.010238427543699264,0.10752126577547773,-0.6566975093903983,-0.9027133171209981,0.36494032212570315,1,1
2024-10-09,0.012994338245432842,0.20752014961936194,-0.5378306918335153,-1.0260854133267645,0.2645862252164207,1,1
2024-10-10,0.007635819731639859,0.06147539401876677,-0.5006231935162025,-1.0527697949924735,0.2771304446045382,1,1
2024-10-11,0.01123400566611535,-0.14177239990721735,-0.533389296685221,-1.0251150689997677,0.19290438561973314,1,1
2024-10-14,-0.007127139669377539,-1.0684344744367391,-0.54485427447704,-1.0321566310133794,0.05670971071644991,1,1
2024-10-15,0.0004745177165770907,-1.0514643820734695,-0.564606760346015,-1.0566673269687825,0.22516114507737395,1,1
2024-10-16,-0.004596514226842033,-1.0945306481567083,-0.5575096562989359,-1.0535909293087944,0.03520509047657504,1,1
2024-10-17,0.0030935801186681177,-1.150681073447843,-0.6672919945183464,-1.1331870394351806,-0.04902062670388698,1,1
2024-10-18,0.007430265802978888,-1.26540413569493,-0.8601517503552771,-1.1390985782967296,-0.24256084164538888,1,1
2024-10-21,9.818215771643089e-05,-1.3899022811199933,-1.5161760361211127,-1.1798636981437176,-0.18163148307081023,1,1
2024-10-22,0.0030014644883052362,-1.3876151073287257,-1.5513302358757086,-1.1753297360858599,-0.21209616235809955,1,1
2024-10-23,-0.026981837681713566,-0.575213837226707,-1.1065984041780852,-1.031032146345037,-0.025724268098003617,1,1
2024-10-24,0.008675521848876667,-0.5074770703465643,-1.0970908850173422,-1.0116770308110348,-0.054396867214941455,1,1
2024-10-25,0.007424640850720929,-0.5075516842120075,-1.137757860384103,-1.0560920116521821,0.16960802701384978,1,1
2024-10-28,0.002651929996247321,-0.49750017426212584,-1.157915637728344,-1.0736102926420144,0.0746298288112788,1,1
2024-10-29,0.01254366924917407,-0.3919434822564442,-1.0831747898033506,-1.0537426088663853,-0.007803808198831719,1,1
2024-10-30,0.009582193821398346,-1.4579916225112657,-1.0765828740835057,-1.0417994133434978,0.17319218735455275,1,1
2024-10-31,-0.03372039480294586,-0.12726542828203738,-0.5720156637228834,-0.8349251391099157,0.6767550938756594,1,1
2024-11-01,0.05969348555383983,1.1075266682845548,0.358302377705114,-0.31839265819894214,0.4473739591358137,2,0
2024-11-04,-0.0112468629977579,1.222822099647792,0.4061792511578075,-0.4838470783670761,0.4652944190349856,2,0
2024-11-05,0.018497621964300135,1.2507174670270522,0.4532048431720803,-0.45387955779260775,0.1982806261307876,2,0
2024-11-06,0.037014186602505036,1.4474127831055137,0.3700912609880705,-0.29223688606172665,-0.5579597737360481,2,0
2024-11-07,0.013867107676869682,0.5218519096228508,0.3698549910057535,-0.28165020807430885,-0.74970807940937,5,1
2024-11-08,-0.009267598006343506,-0.022013471985079098,0.45751380110130035,-0.25514694001887644,-0.7963011384254797,4,1
2024-11-11,-0.006782565849601177,-0.11613271349662566,0.5051496889245177,-0.25639650618719523,-0.7909248979144252,4,1
2024-11-12,0.009632984150165672,-0.1595322099222508,0.5023547215876296,-0.25566937558929076,-0.837517956930535,4,1
2024-11-13,0.024214628595446194,-0.5469381821927154,0.5491543022214721,-0.21913783690740177,-0.9611685833478723,4,1
2024-11-14,-0.012637853706247804,-0.42871565820924384,0.22029075651093177,-0.16676650047510547,-0.9091994547228796,4,1
2024-11-15,-0.04317249998148205,0.424486030052401,0.1646702404513499,0.1549969205351436,-0.5812564741462745,4,1
2024-11-18,-0.004826562887931238,0.4240686777432941,0.1314909759194481,0.16213549991486173,-0.6816105710555569,0,1
2024-11-19,0.0139992605640746,0.4853180732687583,0.10008252326022142,0.17778296849832115,-0.5436234741775792,0,1
2024-11-20,-0.008816076612525436,0.012948775819601854,-0.25826834548361743,0.07001433701595636,-0.3984683984225385,0,1
2024-11-21,-0.022755328152482154,0.071182878578145,-0.25311955597634517,0.1610814447918034,-0.4504373561453597,0,1
2024-11-22,-0.006696793124294871,-0.6358762657691409,-0.25631363113660566,0.16894645502616484,-0.7425399296301355,0,1
2024-11-25,0.02140350014659453,-0.21777269188250648,-0.06748882729057247,0.21608845423111692,-0.8572303260978869,0,1
2024-11-26,0.03099854184082807,0.1701378184934882,0.17863269738622678,0.30360149603368874,-0.9468322837894033,0,1
2024-11-27,-0.010576557461616877,0.19091568052222044,0.012167244848619169,0.3238406062488019,-0.9468322837894033,0,1
2024-11-29,0.010070787553251123,-0.23241682509537567,0.03473216361164552,0.14202774201299403,-1.0525626212097403,0,1
2024-12-02,0.0131486809012872,-0.4331727259949565,-0.4922299002338275,-0.3011463112089789,-1.0830273004970297,0,1
2024-12-03,0.012547921006437753,-0.49450132571726585,-0.4993972119877376,-0.3222189315575578,-1.090195450276264,0,1
2024-12-04,0.02154794039063882,-0.7385731301199675,-0.43805892862156304,-0.30651715007332664,-1.0633149313296777,0,1
2024-12-05,0.01057064429689352,-1.3698097585413538,-0.5192074758956865,-0.4860423318959679,-1.0471865516008572,0,1
2024-12-06,0.028632680807305907,-1.1133721155674123,-0.8183307377640502,-0.39513421441709856,-1.1851734775766636,0,1
2024-12-09,-0.0044740688394556945,-0.6900711076252554,-0.8540493644398336,-0.4120993392940164,-0.9307040749627544,0,1
2024-12-10,-0.0049800403105656164,-0.464641781979685,-0.7688871710580847,-0.41801013195311876,-0.9324959842309344,0,1
2024-12-11,0.02260590627425966,-0.4470647124047278,-0.8859379754978027,-0.3664771970535946,-1.0400184018216228,0,1
2024-12-12,-0.005943126219687954,-0.3034596452701719,-0.9635316640434516,-0.4203417103187977,-0.9790890432470442,0,1
2024-12-13,-0.006941608431303032,-0.6785960589557303,-0.842359946071571,-0.4454342879138974,-0.998801412414396,0,1
2024-12-16,0.023438478758999334,-0.3981705387789478,-0.7643609176395015,-0.8139972477247613,-0.841102117271238,0,1
2024-12-17,-0.007996164537575404,-0.3505395099583823,-0.6615218654735807,-0.7972190881712387,-0.6296414424305642,1,1
2024-12-18,-0.04740345170067867,0.40665466549747714,0.06368634205341937,-0.3186073186923152,1.4760047342222449,1,1
2024-12-19,0.012157891108627772,0.5604116432314533,0.07231025181258054,-0.33406548659560026,0.8434147898705749,1,1
2024-12-20,0.006948389543673587,0.6040497351613721,-0.13786214638414707,-0.464458519281794,-0.1834235632411617,1,1
2024-12-23,0.00029720642355420885,0.2770469187204094,-0.1407524666242755,-0.4870587430316847,-0.4665657358741801,1,1
2024-12-24,0.017248270414836623,0.48076979409004067,-0.06877882871031905,-0.5061366082253981,-0.9163676045021141,1,1
2024-12-26,-0.00909510343883816,-0.880745976330622,-0.19228952552661002,-0.5903014083057779,-0.8339339674920035,1,1
2024-12-27,-0.014965954597311117,-0.667383680672414,-0.1493014581518861,-0.5635950223285495,-0.6153051428720953,1,1
2024-12-30,-0.011335137075231006,-0.653512455565668,-0.133619782793449,-0.5331626183848974,-0.35545949974713176,1,1
2024-12-31,-0.008993336445622085,-0.6558592184882955,-0.36496187471317404,-0.5318298856637134,-0.3644195587945462,1,1
