Date,normalized_returns,vol_5,vol_10,vol_20,market_vola,regime_layer0
2021-10-18,0.011035920849676835,-0.391739156217885,-0.9864609573213009,-0.6663574169427601,-0.5507917948589851,0
2021-10-19,0.014266437859394373,-0.7249137066636652,-0.9710003476366337,-0.6006199539456083,-0.6601061217178534,0
2021-10-20,0.002654475143451467,-1.0638027282559364,-0.9693357295578515,-0.6860678424101552,-0.6977389507843773,0
2021-10-21,0.0007715455567010688,-1.1678870412068356,-0.9783361662982305,-0.6982800320749967,-0.7837567481351908,0
2021-10-22,-0.005999875928385518,-0.854038082737236,-0.9405601362008226,-0.6843317277782601,-0.7084910900021432,0
2021-10-25,-0.0010377486661651367,-0.9337833851957023,-0.942903751527444,-0.7343782674975478,-0.7425399296301355,0
2021-10-26,0.003863482535910706,-1.3881350447890497,-1.1256122681002347,-1.01185833836842,-0.6099290732632123,0
2021-10-27,-0.0038534407462194804,-1.388184016534044,-1.1463026716157851,-1.006245564267751,-0.4307251578801793,0
2021-10-28,0.023983341920944933,-0.36338877800738434,-0.9940870684381751,-0.8666116203828917,-0.5113667147199383,0
2021-10-29,-0.01902378380908846,0.06535432763208511,-0.5751808052899204,-0.693517411634544,-0.5597518539063996,0
2021-11-01,-0.006324224806812879,0.10665739485618944,-0.5890203482783103,-0.9814667594653894,-0.5328713349598132,0
2021-11-02,0.006389349128099111,0.13200265774694422,-0.7033302412067531,-1.027307703726181,-0.6009686724114548,0
2021-11-03,0.00904985866289546,0.1586733103669709,-0.6513060760291915,-1.012056350330448,-0.7676283684063704,0
2021-11-04,-0.004205871420520119,-0.4730972886973227,-0.6347376053644738,-1.010345347823758,-0.7066991807339632,0
2021-11-05,0.0028748909965949786,-1.0415589391703413,-0.664925570635744,-1.0236510898302131,-0.5203271155716958,0
2021-11-08,-0.006269022716098578,-1.0435946722929141,-0.6295242958494727,-0.9974595588565558,-0.38771625920477254,0
2021-11-09,0.0017553544311118877,-1.110959983343989,-0.636551824930201,-1.064037498815005,-0.2873618204911471,0
2021-11-10,-0.02005050708903121,-0.727098494536931,-0.37915110838317273,-0.8694568712283596,-0.11711830595987159,0
2021-11-11,-0.0010391137904576457,-0.7032585934640601,-0.8916242167580444,-1.0077013706859705,-0.308866440731022,0
2021-11-12,0.013533972502117473,-0.3442351178132283,-0.9308511701805449,-0.9527214275430834,-0.5543756133953451,0
2021-11-15,-0.0006343592562503961,-0.3673584573456286,-0.9649122751862391,-0.9977425649664198,-0.5185350354013443,0
2021-11-16,0.0059436104209698555,-0.3171706527563741,-0.9698179935827574,-1.071933665507027,-0.5400393138368762,0
2021-11-17,0.015654065385913175,-0.9019929339571405,-0.8329095277299212,-0.9695214524749624,-0.40742845746995293,0
2021-11-18,0.027435512992828842,-0.5486930521109105,-0.4046763723473982,-0.6932773278025525,-0.32141066011913944,0
2021-11-19,0.016132221714380123,-0.5321091642546807,-0.321589044232053,-0.6528803981349856,-0.26406546188526375,0
2021-11-22,0.0022219327272226326,-0.6391145656090912,-0.4048094250435709,-0.6594879424536441,-0.03826848748612104,1
2021-11-23,0.0017184086777253826,-0.5218204656504521,-0.40460008351492455,-0.6586370944558263,-0.00063582932176876,1
2021-11-24,0.0025769650346409954,-0.44107720648816423,-0.9495282475328793,-0.6783805351091593,-0.14399882490645793,1
2021-11-26,-0.032892125771209334,0.406914956692366,0.05510691379044973,-0.40960008746681753,1.6552086496052778,1
2021-11-29,0.020936772445208692,0.5659328790866481,0.14477950195948347,-0.4308334990328672,0.6409141740773155,1
2021-11-30,0.030388100837444375,1.1498000414181464,0.36886973893513886,-0.23024482861901518,1.3989469959188456,1
2021-12-01,-0.00391264795601519,1.186324254337787,0.4371127894308121,-0.21042229794841175,2.1032184380628602,1
2021-12-02,-0.006849893489147339,1.2410324202848912,0.4879122927642437,-0.18518061091762109,1.5351420126264719,1
2021-12-03,-0.01249475082490839,0.47977389299423473,0.3527401773769672,-0.12752932695412522,2.022576539418758,1
2021-12-06,0.02057387705407992,0.47066193349887503,0.42014813746676466,-0.03900646681846257,1.3971549157484942,1
2021-12-07,0.034131237883267745,0.6287687741441542,0.8126850472830741,0.1697484621492168,0.44916603930616517,1
2021-12-08,0.021826682432396466,0.6325032926584505,0.8980572689383834,0.22943579248712975,0.0925502887104507,2
2021-12-09,-0.0036759719579941264,0.5473175533104904,0.9353885126048571,0.05878252579288251,0.39361292124264097,2
2021-12-10,0.026927209988531268,-0.09460692019778648,0.2783022391502508,0.13144521356474526,-0.12428628483693455,2
2021-12-13,-0.02159206294951395,1.0400550284541374,0.6967330698356994,0.3570638022666194,0.16602386667314678,2
2021-12-14,-0.008756829562391778,0.7095337382607079,0.5549164236465036,0.4052882343710722,0.44916603930616517,2
2021-12-15,0.027409330840821304,0.8811012070162113,0.7036448748871257,0.5044588495522663,-0.016763867246246168,2
2021-12-16,-0.04075661069093413,1.8799140184882157,1.455052157503753,0.9923705071312471,0.21261692568925653,2
2021-12-17,-0.007224232329398159,1.237753407602972,1.4036081085966519,0.9042976890594523,0.3918208410722895,2
2021-12-20,-0.008855995889066938,1.1357049743342904,1.3544786706496255,0.894181533437318,0.6247861361528382,2
2021-12-21,0.01820578550780376,1.45507183656209,1.0696560755930424,0.9477379660703599,0.29146674416300705,2
2021-12-22,0.014501243331911362,1.06316073758255,0.9690670718814576,0.9746343166636606,-0.13503876585904348,2
2021-12-23,0.002936367702452606,-0.3379983731143193,0.9674514969496633,0.9745151863192968,-0.2551054028378493,2
2021-12-27,0.022013780364912888,-0.29719184659075165,0.8740491203913835,0.7232355339531734,-0.305282280390319,2
2021-12-28,-0.006485204538445165,-0.4041774751506996,0.695309455892458,0.7027804876016475,-0.33037071916655386,2
2021-12-29,-0.00019912031591759797,-0.4341794916621822,0.6506492767046219,0.5451129243283825,-0.43610105658689075,2
2021-12-30,-0.007301153393184356,-0.38932243719168075,0.35261110367575,0.5596338473250495,-0.36800371913524915,2
2021-12-31,-0.004242682702413125,-0.34980782174476954,-0.6048744090172941,0.5485672493791415,-0.38771625920477254,2
2022-01-03,0.02399548279833099,-0.24208698181958022,-0.41242725711934675,0.5746691058184032,-0.49882249533182094,2
2022-01-04,-0.013473681152334277,-0.07668263279200638,-0.31596757724431523,0.5871787739196109,-0.44326937726829674,2
2022-01-05,-0.02766129288142858,0.4852614729697489,0.07170711958364855,0.5483983959189931,0.06208560942316138,2
2022-01-06,-0.017535326422650235,0.5787895559355771,0.08254325324858836,0.4958503947679136,0.040581330987629505,2
2022-01-07,0.00028680495386610805,0.6169035006824358,0.06996677780567337,0.4954526907247496,-0.11174206544881712,2
2022-01-10,-0.0005850772756987441,-0.3964781567258962,-0.31312866465277556,0.2833439276424514,0.0029483310189342194,2
2022-01-11,0.015943558392215774,0.24518202142141982,-0.0776749672015469,0.26372001224119707,-0.17446350419374726,2
2022-01-12,0.0018655858629527287,-0.38801097248168787,-0.06892163235015084,0.2479043115690107,-0.316034419608085,2
2022-01-13,-0.019912493583063077,-0.2771222439091753,0.06862449728583801,0.11249346130779796,0.16602386667314678,1
2022-01-14,0.00439655726737054,-0.2531636270518636,0.10261413267128003,-0.33651769108080776,-0.03468432714541807,1
2022-01-18,-0.01977609293319059,0.10368019614528495,-0.2676570223609549,-0.2342083268634377,0.6104498365943692,1
2022-01-19,-0.021950083906742652,-0.24641899182987037,-0.170491925775107,-0.12168396063310574,0.8004058911951681,1
2022-01-20,-0.0111021144037272,-0.5077840847604072,-0.40893998391820124,-0.23028609071178532,1.1122206629451243,1
2022-01-21,-0.013548574988600797,-0.5765694105231199,-0.4557678489505066,-0.3087339512950407,1.696425468110333,3
2022-01-24,-0.005577216877590947,-1.0443935270697497,-0.4880315991516324,-0.32813264577861806,1.8845894425407805,3
2022-01-25,-0.012150955369128443,-1.1328810713907742,-0.5075273921704461,-0.5823028232381605,2.110386416939923,3
2022-01-26,-0.0012646113384618047,-1.2272037228747152,-0.9456467073403807,-0.5719178974539421,2.2537494125246123,3
2022-01-27,-0.0036485459012504198,-1.2003814806536106,-1.040555190558596,-0.5835488398853638,1.9903197799611174,3
2022-01-28,0.06674980694362163,2.1955682629932443,1.4856341808887896,0.8274108070378994,1.4831727130993078,3
2022-01-31,0.025089036003460297,2.1326897608268025,1.6930203348757438,0.9888087878801588,0.9760256462374981,3
2022-02-01,-0.0016742781209968104,1.892844661576371,1.5547536781617928,0.8406118970623847,0.4617102586942826,3
2022-02-02,0.006318573316946664,1.7714223005983571,1.3400720524224272,0.8292304165629776,0.485006959104509,3
2022-02-03,-0.01756223771520284,2.1622127191549287,1.423527602228125,0.7333639273369812,0.8900078488866846,3
2022-02-04,-0.002381838878708465,0.06761962177979781,1.3258151568610286,0.670162418507356,0.6875072330934253,3
2022-02-07,-0.00494490565809093,-0.791633670877798,1.321132457269768,0.6742304692160469,0.6229940559824867,3
2022-02-08,0.01759738117567379,-0.23563437822319108,1.23305608590934,0.7480410981678617,0.3685244824664061,3
2022-02-09,0.0075584210617108205,-0.21513030367816083,1.1969996100464124,0.7026306229384586,0.10330242792821664,3
2022-02-10,-0.024583066362673146,0.09249065602525353,1.5187962101406571,0.8271007610547172,0.8111580304129341,3
2022-02-11,-0.021126598242453883,0.3865327225525411,0.10593485683836729,0.8372749927175157,1.429411675206135,3
2022-02-14,0.0007212780289167843,0.40999939031569727,-0.326912444918927,0.830211266858363,1.6032393500781135,3
2022-02-15,0.022187243009268456,0.5859652944736147,0.03195069625908917,0.8676685412952291,1.1319332030146478,3
2022-02-16,-0.002091211591846467,0.4808680203013265,-0.005558073799250911,0.7545523283308542,0.8792557096689188,3
2022-02-17,-0.022199380745316504,0.4063148871700929,0.07913910187567084,0.8421073222238111,1.5638146117434097,3
2022-02-18,-0.010101105102275972,0.16386237488504563,0.10264297515897353,0.8228429588543811,1.499301092828128,3
2022-02-22,-0.01867394035650318,0.33227122987450847,0.20594677650147822,0.8958345129854781,1.689257147428927,3
2022-02-23,-0.02690561208412954,-0.6348534739151521,0.0864016188711406,1.0184138091970896,2.0852979781636884,3
2022-02-24,0.01584155585801035,0.24157723358937924,0.25977783790184955,1.0715768112930628,1.959855100673828,3
2022-02-25,0.012180997074653576,0.4784706764879629,0.28306143361088,1.094999762273183,1.4706284937111904,3
2022-02-28,0.0009352893813497138,0.47564433319432703,0.14810907199653492,0.0056014242230840415,1.9293904213865387,3
2022-03-01,-0.012397173991286018,0.33833369896632015,0.1795196076499708,-0.20642708554435954,2.497466846822927,3
2022-03-02,0.019678029915293643,-0.2469366646571891,0.11531367401706279,-0.0451433769784637,2.0351207588068756,3
2022-03-03,-0.002684543471776403,-0.3002261273374833,0.11408277721759655,-0.07181840024545708,1.988527699790766,3
2022-03-04,-0.01928068544351223,-0.018596467193989778,0.06412922094785786,-0.05670156902185589,2.257333572865315,3
2022-03-07,-0.02470464613167156,0.306018505121751,0.24941660770127208,0.06459021449695547,3.058375293382252,3
2022-03-08,-0.01244580226669683,0.30641200116591694,0.1861796931369984,0.080829923194415,2.8218261797653437,3
2022-03-09,0.03369783434984581,1.0188453596715414,0.492072364702918,0.34175845162381974,2.3415596318501204,3
2022-03-10,-0.028263487669175507,1.2764042133495719,0.6861493397485632,0.43661554991334367,1.9437267209450075,3
2022-03-11,-0.02490054184415063,1.353947134536891,0.7224942849022549,0.4395756481529715,2.0369128389772273,3
2022-03-14,-0.02762280297928511,1.4046329583296444,0.8357542959917997,0.49785694665135793,2.219700914700963,3
2022-03-15,0.028544718784467463,2.1006522420102542,1.319725316528786,0.7632391492792477,1.872045223152663,3
2022-03-16,0.02790116767486572,1.8967138991948385,1.4826334564174195,0.8396553612037408,1.3057608778866263,3
2022-03-17,0.005732312493376036,1.5364942263884869,1.5164931448810717,0.8614314833608757,1.1265569625035934,3
2022-03-18,0.020001913230353892,1.047861264056908,1.5814527778211342,0.900812236393248,0.8039900515358711,3
2022-03-21,0.007800225062530323,-0.5221674445745172,1.3677326602728885,0.9052986598375679,0.7430606929612925,3
2022-03-22,0.01988609575439874,-0.7122189078203772,1.3468316761814907,0.9207157226195741,0.6373303555409556,3
2022-03-23,0.007498838489661547,-0.9812398291986295,1.0531396433121556,0.7495370018191805,0.7502286718383554,3
2022-03-24,0.021723651502181297,-0.9850921970576203,0.6804650286125512,0.7927486830012963,0.4097413009714614,3
2022-03-25,0.0030257988703461863,-0.8359959941983485,0.14105839569785822,0.7714437563194102,0.2556258243646633,2
2022-03-28,0.004323035737596933,-0.7655876960731404,-0.8627355661536862,0.7719610815959288,0.044165149523989485,2
2022-03-29,0.01825250305579129,-0.8121635717226945,-1.0340297886256418,0.7689943650856902,-0.08665362667258227,2
2022-03-30,-0.0073729265435492665,-0.38480414151390563,-0.9310741787914109,0.7331099854561293,-0.009595888369183209,2
2022-03-31,-0.018636976119538698,-0.1492396551182865,-0.3754615712761216,0.8252520827923163,0.21082484551890504,2
2022-04-01,-0.0024203481153129078,-0.1606873831351881,-0.4415456491428773,0.7261556200607883,0.044165149523989485,2
2022-04-04,0.02271581918558321,0.3108180932782944,-0.26923571882849445,0.6208892382909854,-0.14579090507680942,2
2022-04-05,-0.019824655618859818,0.275714590758239,-0.045140294509243256,0.692916421112367,0.2950509045037101,2
2022-04-06,-0.019324398795300183,0.42292286182285505,0.166563732490935,0.5958652708369141,0.48679903927486046,1
2022-04-07,0.0011013667725724104,0.3119065915357508,-0.10121842684791413,0.3609015092248489,0.3882366807315865,1
2022-04-08,-0.012681562839031374,0.3655189514116703,-0.062134351811912694,0.21729793549771537,0.31834726310959344,1
2022-04-11,-0.026548196877406373,-0.5643377274869276,0.14049447770706985,0.19936223605010575,0.8935920092273876,1
2022-04-12,0.010756482109547041,0.01970892830032952,-0.028263870507213875,0.04217040255500474,0.8738794691578642,1
2022-04-13,0.015509271163008648,0.28366067223557556,0.21295625002399854,-0.09331823202647489,0.4366218199180477,1
2022-04-14,-0.031148176105221453,0.7751723736168273,0.44235744997926113,0.20562609393916234,0.5943214568655488,1
2022-04-18,-0.0020329695485780544,0.7814168910569088,0.4437459985054343,0.0997119526882765,0.4993432586629779,1
2022-04-19,0.013315462719141235,0.5425952535936974,0.2246440297981547,0.13260901888183876,0.35598026307828873,1
2022-04-20,-0.0017174017572328549,0.45084718853382255,0.14138493948739972,0.014834137115128562,0.16781594684349826,1
2022-04-21,-0.005556571524437436,0.1374767878472885,0.02875018589947831,-0.003706526083537696,0.5907372965248459,1
2022-04-22,-0.028916438614666837,0.027364385936225904,0.28714980643187477,0.010948598825007821,1.5817347298382387,1
2022-04-25,0.0060133726173020674,0.12626338976172538,0.3341359330473271,0.025991500858267718,1.3684823166315565,1
2022-04-26,-0.03874390452698632,0.5081994615605954,0.6296477570327769,0.30516238015135494,2.5333077666212707,3
2022-04-27,-0.002168705706442586,0.4994322492520197,0.5035765450020417,0.14276722549975804,2.1892362354136736,3
2022-04-28,0.04346474993901638,2.159331652688778,1.284793635606399,0.7525891511485641,1.9007178222696008,3
2022-04-29,-0.03799284296063177,2.400912085825597,1.423525622470605,0.949178059305968,2.511803488185739,3
2022-05-02,0.0012634326463321624,2.357556704845238,1.4343773727469575,0.9573148845719838,2.321847091780597,3
2022-05-03,0.008875265247153518,1.7522983370441434,1.3849801038588834,0.8256727650522869,1.7681069659026776,3
2022-05-04,0.03948892105146266,2.2454027288620213,1.9684225582124244,1.1940207004884906,1.081755983657835,3
2022-05-05,-0.05802989030586345,2.96280849558053,2.756403822903361,1.6992706618948645,2.117554737621329,3
2022-05-06,0.00401494218228761,2.542991846924637,2.632754774265092,1.7073853616985182,1.9365587420679446,3
2022-05-09,-0.03445331587690156,2.909109512970669,2.812213139705234,1.8446708550580788,2.753728500509359,3
2022-05-10,0.015282336804331052,3.009249533417763,2.6216419670130864,1.838149969825833,2.4383299102230427,3
2022-05-11,-0.05393466941812487,2.2997112313777848,3.2097384485977427,2.181803172616771,2.361272171919644,3
2022-05-12,-0.027963331533507562,1.6777057338326566,2.5649346369553214,2.1502531243795917,2.219700914700963,3
2022-05-13,0.030716650222980913,2.562996047654908,2.817820101113943,2.3048530984285764,1.700009628451036,3
2022-05-16,-0.011430994645368547,2.331873495670645,2.798821950518193,2.304981713555348,1.4491238734713154,3
2022-05-17,0.024403930679996834,2.5645498599230696,2.984872941064265,2.3936298205217876,1.2036147008069924,3
2022-05-18,-0.058774397816956696,2.76422239160795,2.8678941446847683,2.777539107783504,2.0745454971415795,3
2022-05-19,-0.02565145163073245,2.728422909686831,2.430909732546531,2.811628415225118,1.7860274258018496,3
2022-05-20,0.001044965573188483,1.9941228242091305,2.4047578607054327,2.7730754049842234,1.8003637253603184,3
2022-05-23,0.038633863884971816,3.002261465208218,2.872495008787804,3.0517989015495415,1.6301198690246999,3
2022-05-24,-0.020104122519290016,2.6082810116559734,2.76546882885894,2.93340445782008,1.8039478857010214,3
2022-05-25,0.00043854271701020207,1.2754657456307934,2.216417811722236,2.9372463962855258,1.6104076707595196,3
2022-05-26,0.02223335157736511,0.9405015004231424,2.2022048890889283,2.6967572220785327,1.45450011398237,3
2022-05-27,0.03924683368061883,1.3289752560606312,2.363768758714682,2.8266200063774907,1.1355170215510078,3
2022-05-31,-0.006061647428633227,1.0652008167516547,2.3345683283372107,2.8244782491666753,1.2197430805358127,3
2022-06-01,-0.0015748329523022951,0.5305437879925511,2.1737867236852297,2.8019014289377515,1.1301411228442964,3
2022-06-02,0.015970032839739915,0.4225552738609656,1.0103387785010505,2.5775620140937487,0.9563131061679747,3
2022-06-03,-0.04001958932975283,1.7753246221549348,1.4064921463363012,2.3332124179510783,0.9688576673604352,3
2022-06-06,0.004513040189317289,0.7498441748680429,1.4009028329964914,2.3345670417634454,1.019034544912905,3
2022-06-07,0.016732050530169525,1.0222563745524358,1.0343565024134225,2.2409423922959055,0.8308705704824575,3
2022-06-08,-0.005757332655490165,1.0355326063360903,0.8481805504585184,2.192863121222099,0.8201180894603486,3
2022-06-09,-0.037319234863916674,1.2834616710181168,1.430117165619338,1.9553334528317299,1.201822620636641,3
2022-06-10,-0.040095698568333546,1.286052175813272,1.69833016729395,2.0840706838925644,1.499301092828128,3
2022-06-13,-0.03973790794033071,1.3293712487034433,1.2152369330544244,2.0865485684805187,2.622909724312787,3
2022-06-14,0.005949095548310693,0.8540387620915615,1.3223859045662434,2.1036817859271935,2.3845681887211843,3
2022-06-15,0.019210938044829075,1.7036932088561367,1.599065854198683,2.0569142482049854,1.8344125649883107,3
2022-06-16,-0.04116009402954229,1.7879866875865953,1.5873660822256714,1.7869133649773012,2.4311615895416367,3
2022-06-17,0.010766091832120071,1.7563375412039306,1.541167379267614,1.7395518510412555,2.105010176428869,3
2022-06-21,0.03153452519579251,1.5817708794432574,1.9985735104664546,1.9345947727001471,1.9365587420679446,3
2022-06-22,-0.004535842701165996,1.6228265415297272,1.8054073411961937,1.639071034578749,1.714345928009505,3
2022-06-23,0.0206431008576744,1.6491635256092616,2.060565076428881,1.6794623817847067,1.7322660461043338,3
2022-06-24,0.02352059764520508,-0.1434444707877397,1.9729365963616843,1.7850951346028168,1.4061149747959087,3
2022-06-27,-0.0007011164426315417,0.102118386046959,1.4546877511471115,1.6901884864397878,1.355938097243439,3
2022-06-28,-0.03094350010392904,0.8775242446638553,1.221934900376534,1.5007969164872779,1.6086155905891681,3
2022-06-29,0.012238801700132402,0.8911655637549648,1.2458465072209906,1.552558214749382,1.5727746707908243,3
2022-06-30,-0.01889362685447768,0.897998920693726,1.2992412760237595,1.5894019850464682,1.6713366875297553,3
2022-07-01,0.015334057019206841,0.6175800177782798,0.6031881248199034,1.5845898199943051,1.3111371183976808,3
2022-07-05,0.01805242158523786,0.9310514702227193,0.6538657917257416,1.4212872401092245,1.4616684346637758,3
2022-07-06,0.008860404733149743,-0.008152556172043518,0.35710497082209225,1.4355706793245342,1.3165130171043922,3
2022-07-07,0.02301465397528269,0.19278430441207473,0.4462382786998288,1.4867912716427523,1.2000305404662894,3
2022-07-08,0.004002873539007105,-0.9334258757455542,0.3533487637174455,1.4881860968143021,0.9419768066095059,3
2022-07-11,-0.01556915997476321,-0.002692121771113872,0.33560158079056157,1.2700755147070906,1.2161589201951097,3
2022-07-12,0.006109241376050351,-0.14734444036214317,0.3409031801137571,0.9214158005550768,1.4168674558180177,3
2022-07-13,-0.0032409487739102445,-0.1132350610347245,-0.2686321801515417,0.5061866592694765,1.3326413968332127,3
2022-07-14,0.019574337960234202,-0.26222420342299524,-0.1764954226414064,0.5603162010916936,1.257375738700165,3
2022-07-15,0.010683993156670846,-0.19122874270988469,-0.6088744284249485,0.5180245692657912,0.8685032286468097,3
2022-07-18,-0.02156055207689633,0.08367777364492214,-0.1387457861078743,0.15195233606683722,1.0602513634179602,1
2022-07-19,0.025670326802594106,0.49234901652009394,0.0008530476978956248,0.25122776858634255,0.916888367833271,1
2022-07-20,0.012718418146789036,0.4101216430052354,0.02092116872781425,0.0835009691932939,0.8057817899018797,1
2022-07-21,0.014279982695868351,0.3365102910628172,-0.10324248798653561,0.07457485764984458,0.6677950348282449,1
2022-07-22,-0.00884494661893057,0.5174678896726271,-0.003314298108817906,0.06718075293093316,0.653458735269776,1
2022-07-25,-0.008126722839116009,0.013740332367424413,-0.13741754134236417,-0.0007517783525027043,0.7125960136740032,1
2022-07-26,-0.009566941523981572,-0.34179847421593657,-0.03779967591877439,0.040025634563068964,0.9509372074612633,1
2022-07-27,0.032960943280427105,0.4944652520098719,0.32651884336107595,-0.08148478800278687,0.6910913934341283,1
2022-07-28,0.0028640844401247455,0.38765844855387405,0.24152959919062908,-0.09207102615649021,0.5280158577799157,1
2022-07-29,0.031565868385091435,0.7395407387995988,0.531755255282014,-0.10234714724310914,0.34881194239688273,1
2022-08-01,-0.006873695977220124,0.7066123087081932,0.22914327069375467,-0.0608212183448375,0.6194098956417837,1
2022-08-02,-0.010032115320144757,0.7205427557311551,0.1959149085967094,-0.026064976896840987,0.8147421907536371,1
2022-08-03,0.03683370375858331,0.8584594731071057,0.6072650256541491,0.23364208491778343,0.4599185203282741,1
2022-08-04,-0.0026291662893096254,0.9370328692623123,0.6193797056594084,0.17848168097009362,0.3685244824664061,1
2022-08-05,-0.002091380653594746,0.518316419927282,0.5514164432925757,0.19306869782698577,0.31655518293924195,1
2022-08-08,-0.003608228623379789,0.47220456279361406,0.5011754218257989,0.09399379953090192,0.3416439635198198,1
2022-08-09,-0.0003978937033955779,0.308956406887878,0.39813092443637244,0.10418294512433046,0.4276617608706333,1
2022-08-10,0.025156285957020012,-0.3394141328833339,0.2377362897214529,0.17794595730634272,0.06387768959351287,1
2022-08-11,-0.005142441011219389,-0.2959353704115624,0.2984399855857609,0.16581075227218717,0.1463116684079664,1
2022-08-12,0.020498073324312405,-0.07914491714593971,0.07347904915388405,0.21686746281494354,0.026245031429160588,1
2022-08-15,0.0056120494346089955,-0.22974167665299292,-0.012009560961383869,-0.006862252281552941,0.10151068956220816,1
2022-08-16,-0.001625131258102419,-0.20086439975481052,-0.130503860095671,-0.0894008735403039,0.054917630546098425,1
2022-08-17,0.008045148327593697,-0.6306293217034021,-0.7669411713766663,-0.10143489264410702,0.0925502887104507,1
2022-08-18,-0.002995527953245568,-0.6980927834701924,-0.7627582589256674,-0.10277904913908768,0.031620930135872055,1
2022-08-19,-0.015917994405791128,-0.7010784945493479,-0.5051830098552347,-0.030685138040037044,0.21799316620031098,1
2022-08-22,-0.023999685596797625,-0.29439103380606935,-0.10739993092833765,0.15172854767983565,0.7914454903434107,1
2022-08-23,-0.00273243708738541,-0.30872065488123207,-0.10115037023027842,0.11320409140643237,0.8469989502112779,1
2022-08-24,0.0010912099378683512,-0.5480206263153532,-0.5072974122045234,-0.13639530988267948,0.6158257353010808,1
2022-08-25,0.014111494881290848,-0.014877164919625634,-0.37369084219955123,-0.09905195597702299,0.4294538410409848,1
2022-08-26,-0.03912948134669932,0.774239068374689,0.0755264467476649,0.11435035529699761,1.1068444224340699,1
2022-08-29,-0.014485907864657121,0.6298425627767222,0.0262178612187666,0.1569811170777976,1.2233268990721728,1
2022-08-30,-0.016124663733322046,0.6269374479595341,0.032186056570526034,0.197409615502291,1.2233268990721728,1
2022-08-31,-0.01139308020449256,0.48714535381302904,-0.1509454780354197,-0.21784680748032753,1.1623978823019372,1
2022-09-01,0.0039946914063651385,0.05710601864995268,-0.061649128882930684,-0.20175324844018735,1.1068444224340699,1
2022-09-02,-0.01440580887078774,-0.8388192342329873,-0.06966964166528593,-0.1647125529859351,1.0907160427052496,1
2022-09-06,-0.00895022577766661,-0.8767922556376168,-0.1885148167814381,-0.15664505159838946,1.348769776562033,1
2022-09-07,0.008510139280429752,-0.612913391811399,-0.0464643450012222,-0.1147593520238538,0.9419768066095059,1
2022-09-08,-0.010365500754420474,-0.6338139050026385,-0.09249162071131742,-0.3788097162218297,0.7573969925197614,1
2022-09-09,0.01796342876647023,-0.1301594901767096,0.011826446260471595,-0.21370006492630977,0.6104498365943692,1
2022-09-12,0.037083977496603165,0.5956572955282377,0.29062024105480483,0.10278501734323434,0.8039900515358711,1
2022-09-13,-0.061172850919497604,2.7941201125421915,1.5501881319829314,0.8527382518225571,1.4132832954773147,3
2022-09-14,0.008808925845674685,2.79666036611909,1.5596470166211434,0.8983261839141362,1.2143668400247583,3
2022-09-15,-0.019812408880370315,2.8946307907112128,1.6259656765734745,0.8871797953152636,1.2340793800942818,3
2022-09-16,-0.011721805896987065,2.65884757285486,1.6183353813223373,0.8858221603427927,1.2394552788009932,3
2022-09-19,0.024072433526552788,2.1731894661980933,1.8187607734125373,1.0737243277894752,1.1426853422324137,3
2022-09-20,0.014842818347701726,0.42322185258575196,1.8667129880643751,1.079920808191638,1.3935707554077912,3
2022-09-21,-0.021177036337192607,0.7287301194688172,1.9672781363586949,1.137039523817787,1.542309991503535,3
2022-09-22,-0.007096701289105275,0.4906563623235798,1.9542352399143916,1.1299374113098186,1.4276195950357835,3
2022-09-23,-0.015940380600505857,0.5804187988195878,1.862339202613468,1.0657694121654715,1.8881736028814835,3
2022-09-26,0.001556599313580158,-0.08475554081103512,1.2529438620328033,0.8387652990288561,2.307510450417785,3
2022-09-27,0.005843680179188089,-0.4510776040075987,-0.026341070201848792,0.8384166647513535,2.3684398089923637,3
2022-09-28,-0.013433402870260468,-0.6998737373827163,-0.04736478962290099,0.8251827721199696,1.9347666618975932,3
2022-09-29,-0.051067358146937254,0.9243069837674179,0.8123972469081618,1.2677542442857426,2.2322451340890805,3
2022-09-30,-0.031201077253686232,1.0776538575366923,1.011073070131013,1.3656872779328806,2.1928203957543766,3
2022-10-03,0.02958831041948317,2.042349489435113,1.1578890523523493,1.5957583390244963,1.9204303623391243,3
2022-10-04,0.024598879296925676,2.489150553647738,1.3511476043875965,1.743153161553674,1.7358502064450367,3
2022-10-05,0.0013502690997910993,2.4994387660101234,1.301100573096356,1.7211910835623934,1.6426640884128174,3
2022-10-06,-0.007348984491824831,1.21477073534215,1.301387397778199,1.7157307397316532,1.9956960204721719,3
2022-10-07,-0.038110828603949105,1.5239325882302721,1.6030786824460033,1.8140230407305529,2.146227336738267,3
2022-10-10,0.0016518042880769492,0.9521475437390711,1.6036568133486058,1.4694364990321125,2.3415596318501204,3
2022-10-11,-0.011009304741718127,0.15891073379616388,1.5371444960023393,0.877656105094163,2.553020306690794,3
2022-10-12,-0.005316364260235625,0.03561729067359072,1.5356409449820914,0.828511580449575,2.5422678256686853,3
2022-10-13,0.032359096692385694,1.2869315865946769,1.2613332972575713,1.085128330526104,2.2501655939882523,3
2022-10-14,-0.03347236413151998,1.097906801141683,1.3120340973885252,1.2459532243170515,2.264501893546721,3
2022-10-17,0.028005596632799418,1.5864680663484672,1.279480169448994,1.2941383198222178,2.1480194169086184,3
2022-10-18,0.00866408741846973,1.4684646256644271,1.0705125591692237,1.2533304721429446,1.992111860131469,3
2022-10-19,6.404506697562295e-05,1.4103652667228022,1.0675498398297179,1.2021994295585274,2.0387049191475786,3
2022-10-20,-0.003973676303892715,0.9128063506599733,1.0590457903769188,1.2001877953226905,1.8989257420992494,3
2022-10-21,0.025998561916070455,-0.04216614169124917,0.6979482410343069,1.330672933450854,1.846956784376428,3
2022-10-24,0.013992858911256992,-0.3925247968678425,0.7277453522650663,1.375249626666263,1.875629383493366,3
2022-10-25,0.018452013966297563,-0.30197800051991014,0.6467728556124875,1.4379878339450192,1.6265357086839969,3
2022-10-26,-0.020523485709780773,0.47660156476447146,0.9022315883167042,1.4817360754581375,1.4150753756476662,3
2022-10-27,-0.031640021346096316,1.3225605075609324,1.0681216408262852,1.1704766802721276,1.4347875739128466,3
2022-10-28,0.07213320547824374,3.1948713308867465,2.002510085920214,1.857509277416492,1.1408932620620622,3
2022-10-31,-0.016231666556240833,3.3897186485884414,2.0800424042424313,1.8168389031452374,1.1641896206679456,3
2022-11-01,-0.018399070283497198,3.4094230722283565,2.236313969993533,1.7988795281067405,1.151645401279828,3
2022-11-02,-0.03872016439231789,3.732051287777068,2.676358904497373,2.0522450178653395,1.1606058021315857,3
2022-11-03,-0.044031082450835944,3.9839785166697634,3.10755720551369,2.3321355213030874,1.0602513634179602,3
2022-11-04,-0.0026504292251565615,0.2569335052525665,2.8747573571577223,2.124280807798424,0.9258484268806855,3
2022-11-07,0.0031934930951050557,0.7504705614578147,2.7902248819603215,2.1261077479543253,0.8900078488866846,3
2022-11-08,0.0034653338158979544,1.0698488065616272,2.64265543394934,2.111962410739888,1.10326060389771,3
2022-11-09,-0.034454178268086756,0.94759804984842,2.7654064859384655,2.288077519157483,1.201822620636641,3
2022-11-10,0.08453504688405751,3.622892817804868,4.341991403176763,3.1859682773454328,0.7430606929612925,3
2022-11-11,0.018384285026792683,3.5472972232171878,3.294504033698635,3.0507331016303736,0.562064697407908,3
2022-11-14,-0.010231803183373973,3.7101956032017815,3.2699139159974053,2.9814348075817443,0.7789012709552933,3
2022-11-15,0.011098567482471438,3.6792240395199,3.253348974386629,2.9871548174474065,0.9240566885146769,3
2022-11-16,-0.009067392402427854,2.954675520844445,2.912906450957338,3.0019003983552546,0.8469989502112779,3
2022-11-17,0.012187045680965042,-0.22552563857303662,2.3129644380091308,3.0137415778988763,0.8147421907536371,3
2022-11-18,0.0030733458265583906,-0.5361709297606583,2.288728824752911,2.92887794777594,0.6695871149985964,3
2022-11-21,-0.02261953882226398,-0.03290540429554787,2.5192204658732513,2.9712900021614357,0.5333920982909702,3
2022-11-22,0.013853281616591046,0.04272208644703328,2.5328242370156815,2.948903842104836,0.3416439635198198,3
2022-11-23,0.005207594397266788,-0.041449713187377606,2.023962610912713,2.8983301553985457,0.17319218735455275,3
2022-11-25,-0.020489104038691235,0.16986289316238623,-0.1369611524985926,2.814646187674495,0.2000727063011391,3
2022-11-28,-0.027316077915310735,0.43511897830557633,-0.018641634865462976,2.067914859402751,0.5065112375400408,3
2022-11-29,-0.022076450996333964,0.4240050174818982,0.12066069525534484,2.096022325792797,0.44916603930616517,3
2022-11-30,0.04674899310663827,1.9706538826142797,1.1201052819256336,2.454418188493201,0.214409005859608,3
2022-12-01,0.0011884704152985977,1.9413763321033202,1.101983974802618,2.2254886232893956,0.08179814949268477,3
2022-12-02,-0.004077880089618708,1.7786278160274183,1.0305842387883597,1.8861791065144644,-0.05798102755564443,3
2022-12-05,-0.008716441529244154,1.3863765531164594,1.0268661006749553,1.90292199600155,0.24487368514689734,3
2022-12-06,-0.02639838519713882,1.5196663901645155,1.0847301091252275,2.0336894607818015,0.4993432586629779,3
2022-12-07,-0.01458181028891379,-0.5473084183695993,0.9719456987685262,2.0686421182736927,0.5907372965248459,3
2022-12-08,0.01135832747831497,-0.13953360451429522,1.042011590979742,1.874884242525545,0.5208478789028528,3
2022-12-09,-0.004141737016759673,-0.14016085347702983,0.9588594303324265,0.4126570227493387,0.6176178154714322,3
2022-12-12,0.015555770940463379,0.316210702662969,0.8508691343200009,0.38503698434937816,1.0064903255247875,3
2022-12-13,0.0060585685926652765,-0.34760072897883126,0.6452804525656967,0.3848587132478276,0.5674405961146195,2
2022-12-14,-0.016359015103134457,-0.26752166719815107,-0.39276421809605827,0.38883264919793237,0.3147631027688904,2
2022-12-15,-0.04868869738821749,1.2330605679558424,0.5126534926513486,0.8531229350963346,0.6176178154714322,2
2022-12-16,-0.01538734724298737,1.2207341540824956,0.514339842684917,0.8028492430872594,0.5799851573070799,2
2022-12-19,-0.016738327082139164,0.5680154642712463,0.5299290771064852,0.8023772949576852,0.5441442375087361,2
2022-12-20,-0.0012300686045118954,0.306131520313672,0.4364660984669868,0.7534083395941883,0.37569246134346906,2
2022-12-21,0.022829353666769983,1.3721874721951615,0.7794814041008293,0.8515816658454266,0.12301496799774003,2
2022-12-22,-0.024760818652383613,0.46413499153295035,0.7859613298833242,0.8932375884999303,0.4635023388646341,2
2022-12-23,-0.0035032999412226537,0.392389099783385,0.7882553223444528,0.8555097135342725,0.2663783053867722,2
2022-12-27,-0.014676769423042395,0.3523214292329384,0.5283045413591453,0.7720148226660226,0.4061571406307584,2
2022-12-28,-0.03186673968213601,0.8001332372738672,0.5203295885752172,0.863015949156616,0.4939670181519234,2
2022-12-29,0.027229545947334594,1.0151376184166037,1.1565233951854037,0.46451229595325716,0.3685244824664061,2
2022-12-30,0.0017646354524055263,0.8447929301698118,0.5425585196414663,0.46701801145462823,0.4097413009714614,2
2023-01-03,-0.03882331127838558,1.4538333437446775,0.9342974517956544,0.6871226787483941,0.6301620348595496,2
2023-01-04,0.009560229886555053,1.627301205729663,0.9963386384359368,0.7625452586780419,0.47067065954604004,2
2023-01-05,-0.011362214827780593,1.2104015683301137,0.9997412055459169,0.6860534487037414,0.5513122163857991,2
2023-01-06,0.03543212617550729,1.5327327802664579,1.3184815034841675,1.0503130211631302,0.31297102259853893,2
2023-01-09,0.0033794848547080225,1.538428139897755,1.1791702742359964,1.0084474599505486,0.4635023388646341,2
2023-01-10,0.0037454613421095163,0.26034063434949256,1.1898493000994652,1.0247525210895339,0.214409005859608,2
2023-01-11,0.020191506892112188,0.36727786638320237,1.2538689785081012,1.0687839715258167,0.305803043721476,2
2023-01-12,-0.0013009480329385242,0.035295697461395846,0.7917349434361606,1.0465547092897063,-0.0991978460606997,2
2023-01-13,0.009367082225413964,-0.8416016944017803,0.579112981686326,1.0561356723809017,-0.1852156434115132,2
2023-01-17,0.008017266167294698,-0.8743681207430811,0.5866072604652858,0.6022033053721632,-0.004219647858128739,2
2023-01-18,-0.006085680728804001,-0.5986210284174767,-0.3534403885932604,0.5575438060421577,0.17140010718420126,2
2023-01-19,-0.00025713972700445065,-1.0526912651152212,-0.32929121312615534,0.48982739555137206,0.20365686664184207,2
2023-01-20,0.018337137156947035,-0.699412142856175,-0.488391456847863,0.5627017232455163,0.08359022966303625,2
2023-01-23,0.022527282250406063,-0.3651359248277986,-0.8914589352263907,0.5596110234279891,0.0764219089816303,2
2023-01-24,0.009311858548050321,-0.36504468989493283,-0.9094226822613892,0.39322070214799204,-0.032892246975066576,2
2023-01-25,-0.005413169819577356,-0.39054991404835715,-0.7753019886944591,0.4004070970197973,-0.054396867214941455,2
2023-01-26,0.013993694278369473,-0.5260169998309157,-0.8771305353451269,0.34191706223794344,-0.11711830595987159,2
2023-01-27,0.01289046816344611,-0.5972186397337412,-0.9205857966916748,-0.023712657303187206,-0.15654304429457536,2
2023-01-30,-0.020983524697116174,-0.0017290303977605431,-0.3579007585190016,0.03985684124741639,0.09971860939185667,2
2023-01-31,0.008279427776934398,-0.016667371926932295,-0.35693461707740864,0.04223936555667733,0.0029483310189342194,2
2023-02-01,0.00716839003856853,-0.07375592222431425,-0.4496346481086935,-0.5889134201278582,-0.2712334407623267,2
2023-02-02,0.03569124276388363,0.6449402765150878,-0.045421862127527544,-0.3174612358891307,-0.11711830595987159,2
2023-02-03,0.02340588700495669,0.7790400375824178,0.012078302997884878,-0.38596495405148,-0.1887998037522162,2
2023-02-06,-0.018792560232053074,0.6782325372331617,0.2949773697758534,-0.37839507870326616,0.00832457152998869,2
2023-02-07,0.01836062863980245,0.6959963644851435,0.3536569053729288,-0.34550657741467383,-0.12966252534798903,2
2023-02-08,-0.018511367450964,1.2646580464083323,0.5755744914439807,-0.13869503952470016,0.044165149523989485,2
2023-02-09,-0.007636738785189952,0.6506442968937494,0.6108873362479723,-0.14144708416973817,0.23770536446549137,2
2023-02-10,0.0017521138118782409,0.071541987103105,0.5734423412475541,-0.15121738026606082,0.20544894681219356,2
2023-02-13,0.01793117405356479,0.13384173646692882,0.3503124935398094,-0.11055118489466469,0.17140010718420126,2
2023-02-14,-0.0049353363233672716,-0.19345215170175542,0.4048564185669009,-0.07864676508788,-0.08486154650223078,2
2023-02-15,0.013106598766238778,-0.48028793986746754,0.4288322650460089,-0.10515885846061504,-0.20672026365138807,2
2023-02-16,-0.01118521427131969,-0.35603895009744546,0.034236382479141465,-0.029364425746241835,0.14093542789691194,1
2023-02-17,-0.008276348655039439,-0.21851798471899264,-0.24479274210810037,-0.028293712115695133,0.11405490895032558,1
2023-02-21,-0.02774313635961162,-0.0484148080557042,-0.029507760486023275,0.1359842485164791,0.6247861361528382,1
2023-02-22,0.002190546930154196,0.03645562564946372,-0.28749170624174136,0.12026794183391994,0.5208478789028528,1
2023-02-23,0.0025840933704781364,-0.32504750861263276,-0.412640438564578,0.10619903130912077,0.3147631027688904,1
2023-02-24,-0.018870561759780444,-0.21735685546242378,-0.26461234735063427,0.17077095690042332,0.4097413009714614,1
2023-02-27,0.007512630595653025,0.05849479683161574,-0.21149275061227843,0.14139884904070724,0.28071460494524114,1
2023-02-28,-0.004154633414215588,-0.5954985196393366,-0.5141831370995086,0.018543651068281694,0.23591362609948288,1
2023-03-01,-0.015049903257516059,-0.4676219309074779,-0.45239502538505505,0.06743151506883671,0.214409005859608,1
2023-03-02,0.003419376301293354,-0.44807869724948396,-0.6531243529252798,0.055476993543054166,0.03699717064692652,1
2023-03-03,0.033787444645286116,0.3963194999840574,0.20480113452998513,0.0173413236423098,-0.16012720463527835,1
2023-03-06,0.017668576301280645,0.5061788195907169,0.35166176758741347,-0.05324957373443681,-0.13862258439540348,1
2023-03-07,-0.015303672493964143,0.7773714351241969,0.07731428310724196,-0.08681139747783578,0.03699717064692652,1
2023-03-08,0.007641295635648917,0.3868486757682248,0.09584559343783224,-0.17705352168956662,-0.04902062670388698,1
2023-03-09,-0.015728099588626088,0.7994799615724205,0.23587360332796908,-0.2045342798921674,0.5781930771367284,1
2023-03-10,-0.014677095471026426,0.08477495394474341,0.16459893736797548,-0.16154033008907592,0.9706494057264436,1
2023-03-13,0.01247780357474879,-0.1296775392331022,0.2104676424278789,-0.10794584397709807,1.27888035894004,1
2023-03-14,0.013289605777873888,-0.05163685060187349,0.2565314612313855,-0.1544953455385613,0.7789012709552933,1
2023-03-15,0.0019169567098025757,-0.11062591410063634,0.08276075252840036,-0.15686829823023943,1.2107826796840553,1
2023-03-16,0.017820204076726905,-0.24643275199136835,0.16330151557897526,-0.11094904998359523,0.64629041458837,1
2023-03-17,-0.006169976495824539,-0.6516144295081501,-0.27460536016114706,-0.13592084469162577,1.0978843633866555,1
2023-03-20,0.014664090417324875,-0.6139929962589885,-0.3281607084522313,-0.0959233942017584,0.8541669290883408,1
2023-03-21,0.011172120139160996,-0.6413696752552643,-0.5005834226098229,-0.341860654620314,0.3577720014442972,1
2023-03-22,-0.009846240784108309,-0.2940500341621857,-0.3966292130266827,-0.2923629497861414,0.5154716383917983,1
2023-03-23,0.006244276576038944,-0.5301317193092313,-0.6499842937227482,-0.2873934385903528,0.5781930771367284,1
2023-03-24,0.007570099905657158,-0.6949642423478571,-0.9932111012745592,-0.43954465083836725,0.42228552035957884,1
2023-03-27,-0.013070542303107916,-0.4932790654145904,-0.7361243716081147,-0.3570132291208486,0.21799316620031098,1
2023-03-28,-0.004689289656723017,-0.7072595659720022,-0.7599067332025556,-0.3545136111002685,0.10509450809856813,1
2023-03-29,0.018896233746282194,-0.34173302257043836,-0.5813271108120771,-0.3901632274242335,-0.04722854653353549,1
2023-03-30,0.009140180949823258,-0.30962454040192683,-0.7053272980136883,-0.38335467446511884,-0.0651490064327074,1
2023-03-31,0.014821830114877838,-0.1897676186188458,-0.70902791847171,-0.6529890449964859,-0.12249420466658306,1
2023-04-03,0.006971294668057857,-0.7492003356714833,-0.778031695806776,-0.7255918168046461,-0.14937506541751241,1
2023-04-04,-0.003956005021568699,-0.7838252123774552,-0.7694023085562615,-0.8441022938857877,-0.06873316677341038,1
2023-04-05,-0.012055648312245816,-0.5214152307499805,-0.7206157443735122,-0.7578123036904475,-0.054396867214941455,1
2023-04-06,0.004779632119887364,-0.5779610767115992,-0.7265188934042082,-0.9041414964011263,-0.17625558436409874,1
2023-04-10,-0.016802384503186628,-0.5836659531178162,-0.505072191591075,-0.8693579731667714,-0.07410940728446484,1
2023-04-11,-0.00832120374279587,-0.8437659388378507,-0.5803690620622912,-0.8510530172682237,-0.05081270687423847,1
2023-04-12,-0.005063897820467929,-0.8558727749959762,-0.5773035951750709,-0.880888581584116,-0.052604787044589964,1
2023-04-13,0.03283408124982726,0.5162452978490462,-0.14575030964247,-0.5269332474771444,-0.28377800195478714,1
2023-04-14,-0.002817412783241233,0.5130865279758622,-0.16680741891755752,-0.5978024800816143,-0.41459677815135887,0
2023-04-17,-0.0005803192429146701,0.22408170849745226,-0.2928890688493391,-0.6213534006100939,-0.43610105658689075,0
2023-04-18,0.006775790894438093,0.06434936008347049,-0.294666797646767,-0.6710350634821354,-0.4576056768267657,0
2023-04-19,0.006243063230224857,-0.09584946641705083,-0.2802139353911204,-0.6962804536426836,-0.5239112759123987,0
2023-04-20,-0.006564633295095608,-1.147104539693455,-0.3490856743151243,-0.7219114115477855,-0.396676318252187,0
2023-04-21,-0.010530369819709439,-0.9146407597154231,-0.288819295797515,-0.6738312073799922,-0.4683578160445316,0
2023-04-24,0.0011756471529597908,-0.9071541261685744,-0.47925129936987393,-0.6901371393027129,-0.4468535376089997,0
2023-04-25,-0.010181714007802612,-0.947153920871841,-0.4530922751256692,-0.7180100924156133,-0.11174206544881712,0
2023-04-26,-0.0007619096289651081,-1.2003673395638321,-0.47766724211121303,-0.7296694247726749,-0.0974057658903482,0
2023-04-27,0.027298377073916774,0.05233371732851573,-0.7066683764669511,-0.5924683926187282,-0.42176475702842187,0
2023-04-28,0.006811618216817369,-0.1312252021468093,-0.6991438080869407,-0.6033925149513427,-0.6457698221593846,0
2023-05-01,-0.00123160750942363,-0.10639231371513788,-0.6963164594286703,-0.6714523092240706,-0.5920086133640404,0
2023-05-02,-0.006911737409456864,-0.20452767950792422,-0.6696415587512371,-0.6680489333190126,-0.2873618204911471,0
2023-05-03,-0.007189454509665203,-0.08352400714225505,-0.6628692510536986,-0.6546595171122824,-0.18700772358186468,0
2023-05-04,-0.010663970964189048,-1.0163401224163942,-0.616859597720141,-0.6664345023994613,0.126599128338443,2
2023-05-05,0.045157779286476615,1.0389147206095413,0.37933221777056414,-0.02858294261864174,-0.393092157911484,2
2023-05-08,-0.0011044974853677803,1.0380648202135154,0.3882322987177197,-0.1335477402857861,-0.4307251578801793,2
2023-05-09,-0.010722241634629476,1.0998981906803729,0.3955173935902338,-0.11592889188517777,-0.29990638168360756,2
2023-05-10,0.009665939824597868,1.0208439197666404,0.3941893149135627,-0.12182475424727764,-0.4378931367572423,2
2023-05-11,0.00039281426268006705,0.8256999501590015,0.1305987865322392,-0.412631610779632,-0.43968521692759377,2
2023-05-12,-0.006133150009050748,-0.9145787792708423,0.1495171272927302,-0.3990085766069738,-0.42176475702842187,2
2023-05-15,-0.0036027755091102495,-0.9092786547268502,0.15774867025758263,-0.39179245585018246,-0.40563637729960145,2
2023-05-16,-0.0007011164426315417,-1.1200654130352823,0.12608710585535754,-0.4009545862172187,-0.24972916232679485,2
2023-05-17,0.0028955893140565014,-1.4313041468890322,0.08270342272656278,-0.40913065570923146,-0.4504373561453597,2
2023-05-18,0.01287234282883506,-0.9464290539079261,0.018257604140357465,-0.38550041121172984,-0.5973848538750949,2
2023-05-19,-7.284822679614364e-05,-1.0773645403223802,-1.3224226910743242,-0.4376293834269719,-0.46118983716746864,1
2023-05-22,-0.006196869372908863,-0.9938501787194676,-1.277016238283308,-0.4142348886249336,-0.389508339375124,1
2023-05-23,-0.01597221015191492,-0.5345279727571375,-1.12878437352581,-0.3566124347208029,-0.1529588839538724,1
2023-05-24,0.0009297444688045462,-0.5541183663101681,-1.2499103596250298,-0.35845361401728587,0.11584698912067708,1
2023-05-25,0.005968826978680053,-0.8215467885358535,-1.1946590509082815,-0.5856275404007073,-0.04364472799717552,1
2023-05-26,0.013305182764748368,-0.4678413135180121,-1.0509365793818586,-0.5426523456546948,-0.2568971412038578,1
2023-05-30,0.009902094990905448,-0.43979333281356037,-1.011507394053739,-0.5187639990733345,-0.3447073605293658,1
2023-05-31,-0.0009831892172679896,-1.1245621698702264,-1.0098546265868105,-0.5426956515190117,-0.2586892213742093,1
2023-06-01,0.015194283016205816,-1.0665566438951177,-0.874313381081749,-0.5179855626092547,-0.6690663516674394,0
2023-06-02,0.004063177478025534,-1.035204413765148,-0.9580495753213848,-0.5884645793791976,-0.8572303260978869,0
2023-06-05,-0.008301270804656235,-0.7270072735444356,-0.8659945032199583,-1.3392649970590829,-0.8339339674920035,0
2023-06-06,-0.00276356429502154,-0.7646513848306978,-0.9040243688442847,-1.3338652122842845,-0.9719208934678097,0
2023-06-07,-0.00848768555380347,-0.6298648944429887,-1.1106042882589213,-1.360192179959698,-0.9755050538085127,0
2023-06-08,0.01464566627918429,-0.6559518616182718,-0.9983667522446812,-1.3006312058487148,-1.0274741824335054,0
2023-06-09,0.0014562998168291832,-0.6828278348657398,-0.9957148557211233,-1.3011442756703417,-0.9952174229758646,0
2023-06-12,0.01481657935104716,-0.565029627027765,-0.9674265762144604,-1.2477672061980296,-0.7837567481351908,0
2023-06-13,-0.003316071172519733,-0.5537113784546347,-0.9674189058446588,-1.2495252603495017,-0.8554384168297069,0
2023-06-14,0.0027841970118362767,-0.8453264906677833,-0.9806456550529401,-1.2549877538537557,-0.9862571930262786,0
2023-06-15,0.010435341729914144,-0.961749618287129,-1.0713945905721518,-1.225137885966671,-0.8751507859970588,0
2023-06-16,-0.006578258803229312,-0.7470087841133374,-1.0049567254906446,-1.2374882582560554,-1.0471865516008572,0
2023-06-20,-0.0002144275986989436,-1.0593899999515812,-1.1010136240345239,-1.2371703722307192,-0.9862571930262786,0
2023-06-21,-0.006392822481105644,-0.9864951435222131,-1.0532144076360477,-1.235492617513066,-1.1081159101754359,0
2023-06-22,0.015689099524365327,-0.6146216923999585,-1.0310550985328142,-1.3349013974075365,-1.1600850388004287,0
2023-06-23,-0.0024138323732403448,-0.7272459224359892,-1.1196819521278685,-1.3193305851211952,-1.0651070115000292,0
2023-06-26,-0.008282593162327396,-0.6858651880669991,-1.0138161093472242,-1.2550836448509257,-0.919951764842817,0
2023-06-27,0.014245545311042928,-0.43350065898389445,-1.0277555882612472,-1.2443296271646098,-1.0113458027046849,0
2023-06-28,0.005606850182748055,-0.5754390358491648,-1.0430475787225821,-1.2670835957258295,-1.0668989207682091,0
2023-06-29,0.001093653650628277,-0.8103886450915274,-1.0415386250986356,-1.272664514317752,-1.0471865516008572,0
2023-06-30,0.022138691978226214,-0.4058405410904474,-0.7685943821997961,-1.1609897389556723,-1.0382263216512713,0
2023-07-03,-0.0085162751607794,-0.39637238533628877,-0.7351306757400528,-1.101285344037529,-1.0418104819919742,0
2023-07-05,-0.006589778439181742,-0.34236998032658117,-0.672780210641419,-1.1173618895730644,-0.9324959842309344,0
2023-07-06,0.001804444773898216,-0.35536120132382565,-0.7402730813821838,-1.1307876127812613,-0.7066991807339632,0
2023-07-07,-0.006609793185075212,-0.2788636276419033,-0.8182093388863136,-1.1495201922526044,-0.8160135075928316,0
2023-07-10,-0.011616299329526679,-1.2492872014084764,-0.7042189563763487,-1.1337528031045225,-0.7730046089174248,0
2023-07-11,-0.0035150743175814633,-1.2559025569754403,-0.752167575487482,-1.1223573032485428,-0.8142214274224802,0
2023-07-12,0.008244252473368564,-0.9146530240811959,-0.8573304694281005,-1.1896690726606147,-1.0471865516008572,0
2023-07-13,0.003348284664118085,-0.8852419777613105,-0.874145782791039,-1.1966763771520321,-1.0346423322127398,0
2023-07-14,8.57177223213461e-05,-0.9367897330014942,-0.8752848647753361,-1.1974057561259355,-1.0830273004970297,0
2023-07-17,0.01645658072827664,-0.901998199689003,-1.0805534698665442,-1.1253055852810436,-1.0579388617207948,0
2023-07-18,-0.0020424260456077493,-0.9495263279524675,-1.14507675689012,-1.1508733294029079,-1.090195450276264,0
2023-07-19,0.006345795743047433,-0.9678558349403283,-1.1647702190961402,-1.1427295062293075,-1.007761642363982,0
2023-07-20,-0.010849884453507807,-0.6034563694139508,-1.034174207877238,-1.0980551510710335,-0.9665448238589267,0
2023-07-21,-0.006881882327192394,-0.5067893371833968,-1.0306877019129894,-1.168574935694912,-1.0364342414809198,0
2023-07-24,0.003510222232607523,-0.9835711578411089,-1.1758945867035728,-1.1697582703416824,-0.9808811234173956,0
2023-07-25,0.0038019782163231045,-0.9270406562840983,-1.2026393489024592,-1.2113203632605487,-0.9898413533669816,0
2023-07-26,0.0038338639211520573,-0.9930102231339977,-1.2423993090367613,-1.2957416826944672,-1.1099079903457874,0
2023-07-27,-0.007303920155323917,-1.1313040839541064,-1.167657037172359,-1.2750679893145958,-0.8912791657258792,0
2023-07-28,0.01271647950958747,-0.9846116094998398,-1.0386130546069685,-1.1999647548500936,-1.0848193806673812,0
2023-07-31,0.00245973305975919,-0.9835909885046178,-1.280393006901781,-1.4550914678511844,-1.0310581718720369,0
2023-08-01,-0.00498607342684163,-0.8811691922590408,-1.2536872045730254,-1.4839714380188653,-0.9772969630766927,0
2023-08-02,-0.016312186703839465,-0.5103562152621159,-1.0578621985821366,-1.355817726341574,-0.5902165331936889,0
2023-08-03,-0.008049869489118039,-0.4999268542573705,-1.0998469730714098,-1.3286386001025436,-0.6206812124809782,0
2023-08-04,-0.04991240966123286,0.6784192147181459,0.2772846875760517,-0.3847878178848017,-0.4092205376403044,2
2023-08-07,-0.01810529174576142,0.35790062021756824,0.2813039856465473,-0.33480688949848275,-0.6475617314275646,2
2023-08-08,0.004596492960591653,0.6450985149943016,0.2907525383638777,-0.3152896787687629,-0.6081369930928607,2
2023-08-09,-0.009695967747047493,0.6844993160277786,0.21350142897861527,-0.3466065024432121,-0.6135130627017438,2
2023-08-10,-0.0019365743502658675,0.7813447232583051,0.23768230413231575,-0.36292917479810394,-0.6332254318690956,2
2023-08-11,-0.00036355541526606594,-0.760746105255481,0.02704028426922121,-0.3641133630192486,-0.8142214274224802,2
2023-08-14,0.008648266660286749,-1.002756143428082,0.1271474770113906,-0.45292842651736853,-0.8178055877631831,2
2023-08-15,-0.011964621353819274,-0.8477553443307829,0.11650660767651351,-0.4377954691881759,-0.5239112759123987,2
2023-08-16,-0.005672503108647998,-0.9276394085398866,0.10317430821910478,-0.48464840909464746,-0.4665657358741801,2
2023-08-17,-0.015363398835382036,-0.6807216055980729,0.11897426469584167,-0.46161665946284325,-0.2676496222259667,2
2023-08-18,0.002111185545098528,-0.6365605704253795,-1.0281496301897775,-0.44163455196525664,-0.3733799596463036,2
2023-08-21,0.007005944139296112,-0.7026149840525754,-1.1288776348249427,-0.41652620720129874,-0.40384463893359296,2
2023-08-22,0.007172593016028559,-0.6732736849349794,-1.087121799744934,-0.3924338023304615,-0.4325172380505308,2
2023-08-23,0.02101052328795727,-0.23770457300770503,-0.7555535393334655,-0.20382400597084324,-0.6099290732632123,2
2023-08-24,-0.027220214042944998,0.3476628137333135,-0.25703609507416225,-0.05283810752672717,-0.3913000777411325,2
2023-08-25,0.011862693035334233,0.4148143237582022,-0.16151898333230613,-0.06162049908750661,-0.663690111156385,2
2023-08-28,0.00810615384020467,0.4213059432436758,-0.1669522529565415,-0.027344814297511254,-0.7712125287470734,2
2023-08-29,0.020874710301693425,0.6099788841345891,-0.051490489193839445,0.15111376894666365,-0.8841110159466447,2
2023-08-30,0.01828969718111034,0.5540343403847608,0.003931680406366486,0.22179844563970388,-0.9862571930262786,2
2023-08-31,0.00047054954120231724,-0.8526012465995797,-0.24108138225065442,0.21236284507443978,-1.0418104819919742,2
2023-09-01,0.007726675814925228,-0.8259273445948511,-0.2568550895528631,-0.5268277906035692,-1.1278282793427878,2
2023-09-05,0.000564615951546977,-0.6693385296908018,-0.23034667485085536,-0.6718746149784355,-0.9629606635182237,2
2023-09-06,-0.037150496635939084,0.7394504409125401,0.6360630497414931,-0.17531870748449532,-0.8841110159466447,2
2023-09-07,-0.030386870276797154,0.6780200349620638,0.8298907512703657,0.06463630117102385,-0.8930712458962307,2
2023-09-08,0.0027844835149145306,0.7239397157750693,0.5531632312491062,0.06760137469451308,-0.9934253428055131,2
2023-09-11,0.005899610415292694,0.673474737114575,0.506510689044801,0.07879739697163807,-1.0005934925847475,2
2023-09-12,-0.01790889640195363,0.5334374565751805,0.5823195325616867,0.13337715462939692,-0.92353592518352,2
2023-09-13,-0.012626787966557721,-0.00047305849990784895,0.31839755088023086,0.13726472293770808,-1.0579388617207948,2
2023-09-14,0.008043044103043,-0.40952275091916174,0.11666083214531048,0.15576170302529435,-1.176213418529249,2
2023-09-15,-0.004863732315423921,-0.4609689512443475,0.08724714619214935,0.1012022375296514,-1.002385572755099,2
2023-09-18,0.016070863459181864,-0.10620147921429253,0.24933148811434272,0.17135996192039907,-0.9647527436885752,2
2023-09-19,0.0054606263946002775,-0.4672750912429457,0.2954351761431352,0.16633708033854608,-0.9450403745212234,2
2023-09-20,-0.020895760233484717,-0.09649517435420157,-0.09816004296594394,0.26195588078078025,-0.7604602186271359,2
2023-09-21,-0.009630270408234902,-0.10466150595751426,-0.5148681322730527,0.13593334390326686,-0.33037071916655386,2
2023-09-22,0.0042310540637570905,-0.07402567396246747,-0.5025497747719402,-0.03397334597353146,-0.3913000777411325,1
2023-09-25,0.006652132697093188,-0.36781661113900493,-0.493447351656869,-0.0661682754131086,-0.4450614574386482,1
2023-09-26,-0.024377468863228443,-0.10959252034854508,-0.33881854822555213,0.04475705300175034,-0.07948530599117631,1
2023-09-27,-0.009638441042673158,-0.3092168501614758,-0.3694700355098755,-0.12304546499905962,-0.20851234382173958,1
2023-09-28,0.0008231855659608436,-0.2807905440484852,-0.4417031606393652,-0.2807629510338251,-0.36621163896489767,1
2023-09-29,0.0023407154007724917,-0.317857372555292,-0.422744613510653,-0.27264582758052525,-0.33395487950725683,1
2023-10-02,0.014025488526223711,-0.07124573256563928,-0.4718125364201485,-0.20893734744549772,-0.31782649977843647,1
2023-10-03,-0.00850124712383654,-0.6746227686993421,-0.5151406332720269,-0.21620711455927602,0.07104601027491883,1
2023-10-04,0.006581030680492608,-0.8423058883586444,-0.6746930478873914,-0.5327181273681418,-0.14399882490645793,1
2023-10-05,0.006470914209091736,-0.84169932421134,-0.690178600651797,-0.7992941359109887,-0.16012720463527835,1
2023-10-06,0.013941812765069742,-0.7257221555645841,-0.565703993191136,-0.7154112623565402,-0.3464990988953743,1
2023-10-09,0.007714536590018191,-0.8382389552345229,-0.5562521969034621,-0.7047035559018305,-0.30169812004961605,1
2023-10-10,-0.004059074384612338,-1.0626451851059846,-1.100530492815252,-0.8199014505540377,-0.42176475702842187,1
2023-10-11,0.007171958146927312,-1.0606935652822462,-1.2840986954004672,-0.8706229285888856,-0.5902165331936889,1
2023-10-12,0.004347133533457325,-1.054333796669447,-1.3028002221726371,-0.8873771506407205,-0.4826941156030005,1
2023-10-13,-0.011047335856448863,-0.8553462155330998,-1.053920882731926,-0.8436659079731729,-0.011387968539534698,1
2023-10-16,-0.0014281614985533451,-0.9755175740031471,-1.1602598869370644,-0.9529045538026544,-0.389508339375124,1
2023-10-17,-0.009524493351441059,-0.8587906549397726,-1.1365879988467391,-0.9377350332692624,-0.2694417023963182,1
2023-10-18,-0.008123325781663086,-1.064737865274204,-1.0756669653985123,-1.0943037649617702,-0.029308428438706596,1
2023-10-19,-0.002864567480628476,-1.3429867168759968,-1.1077776615301524,-1.1318270745409686,0.3613561617850002,1
2023-10-20,-0.015514273658756026,-1.1670354701804935,-1.1733899967800636,-1.0412542984683872,0.41690927984852433,1
2023-10-23,-7.535915492343746e-06,-1.1167921556119598,-1.3052193398588834,-1.0703728003345718,0.17677634769525571,1
2023-10-24,0.0018390041152819446,-0.9959836301168635,-1.267763667778722,-1.344159744482284,-0.07410940728446484,1
2023-10-25,-0.014284583201994926,-0.8529650312624506,-1.3201877770459787,-1.2859398871231746,0.1445195882376149,1
2023-10-26,-0.025614319518307446,-0.4353404878827905,-1.0921232700477574,-0.9978839819108646,0.2323294657587799,1
2023-10-27,0.007236457981589678,-0.1913369840931319,-0.8942887023895559,-0.9697146065679103,0.3380598031791168,1
2023-10-30,0.011529176829193062,0.07484744693564176,-0.6608949945917767,-1.0016504635885766,0.06566976976386436,1
2023-10-31,0.0021136851427465313,0.07802745255624398,-0.6393626167278579,-1.0183739484116137,-0.2228486433802085,0
2023-11-01,0.01786398612023906,0.2248122764289118,-0.3575997899778407,-0.8893458268960059,-0.4504373561453597,0
2023-11-02,0.019780980929433402,-0.955592612288696,-0.11099123765543055,-0.7444865513020277,-0.667274271497088,0
2023-11-03,-0.005895593565009217,-0.5182824059570619,-0.24195906523713717,-0.8150898014008531,-0.8016772080343627,0
2023-11-06,0.01379836049419707,-0.4965768728863108,-0.16458629824156717,-0.7589201725461207,-0.8052611974728942,0
2023-11-07,0.013646245678801875,-0.591269091660468,-0.10627388253345409,-0.6904340292836522,-0.8195974970313631,0
2023-11-08,0.005166427893300635,-0.6282680855676038,-0.32681236152717524,-0.6995911379754383,-0.8841110159466447,0
2023-11-09,-0.003329053262105509,-0.7211446139159271,-1.0580439560019261,-0.7028310618301655,-0.7335796996805496,0
2023-11-10,0.02225344767967119,-0.6575939141147816,-0.8982500903984132,-0.5785544642423767,-0.9342880644012859,0
2023-11-13,-0.00932172497604208,-0.287923068692068,-0.6466972327208916,-0.5410397380024342,-0.828557726980949,0
2023-11-14,0.013483425556473885,-0.29108038257453883,-0.653073729946644,-0.5350289329589588,-0.9360801445716375,0
2023-11-15,0.002335358819841565,-0.27987280188813335,-0.7030474304851683,-0.5751266724155153,-0.9324959842309344,0
2023-11-16,0.008300297413010999,-0.3904743305967254,-0.8391700874375607,-0.577326344994193,-0.9074075454546996,0
2023-11-17,-0.0008064701192547288,-0.7822581148339378,-0.9233839337627848,-0.7068237509640866,-1.0005934925847475,0
2023-11-20,0.008534151110828173,-1.1678072904127828,-0.969414770994975,-0.7065255132820412,-1.070483081108912,0
2023-11-21,-0.004940818260946437,-1.1422269570205057,-0.9444313940306872,-0.6764253219546875,-1.0812352203266782,0
2023-11-22,0.0028071798036431246,-1.142630928253836,-0.9441663949005532,-0.8138231616418781,-1.1708371780181945,0
2023-11-24,-0.007730060423124303,-1.0700291343471293,-0.8731200207928119,-1.1645765553145322,-1.2407267665423591,0
2023-11-27,-0.0016490515054789433,-1.067105085910936,-1.2456390121508503,-1.1400646193077448,-1.199509948037304,0
2023-11-28,0.0025078526974272103,-1.2954340830957403,-1.3918509553998437,-1.1562929675995237,-1.199509948037304,0
2023-11-29,-0.006125543558655223,-1.267183780158114,-1.5216577373972575,-1.1027629365134048,-1.1475408194123111,0
2023-11-30,0.002356823187281224,-1.2808771097962153,-1.5215276297391251,-1.1928166887611353,-1.1582929586300772,0
2023-12-01,0.006067337074364318,-1.2884869687873586,-1.569534132269828,-1.3290681069401336,-1.2102620872550698,0
2023-12-04,-0.010211029413981972,-1.0229137012404965,-1.428323727510427,-1.277977156790651,-1.1296203595131393,0
2023-12-05,0.020143549538790596,-0.3953512714685693,-1.0468565507525414,-1.1871194097616589,-1.1708371780181945,0
2023-12-06,-0.006404431477410704,-0.3889921896259356,-1.0302458560632006,-1.2061838290189402,-1.1493327286804913,0
2023-12-07,0.009387101542236789,-0.33866492948209864,-0.9619017476005874,-1.1850288517250704,-1.1332043489516708,0
2023-12-08,0.0066838994959108515,-0.33473663269538584,-1.0172780834768027,-1.1945896591570793,-1.2604391357097111,0
2023-12-11,-0.013712533550135216,-0.2029378060471034,-0.8188950814962905,-1.279186963375154,-1.2102620872550698,0
2023-12-12,0.007187809710109338,-0.6057121719905175,-0.7918211528107832,-1.3246390513435444,-1.3106163550665237,0
2023-12-13,0.015852555317065226,-0.4838269900037398,-0.7144939345497904,-1.2922092216501393,-1.2891119057288203,0
2023-12-14,5.632576316071255e-05,-0.49893066412586284,-0.7059491377921656,-1.2903233848006626,-1.2371427771038277,0
2023-12-15,-0.0034306601364991482,-0.482551318212716,-0.6811747594865631,-1.300514244318188,-1.272983526,0
2023-12-18,-0.009240842457175177,-0.6576390883372035,-0.6993664294423839,-1.2459544450099067,-1.2228063066431873,0
2023-12-19,0.0046448013520720985,-0.6913695921500661,-0.9704985590217025,-1.2693939928543332,-1.2281825471542418,0
2023-12-20,-0.011472893783201866,-1.0457798990025777,-0.8827635072181026,-1.210431266980938,-1.0238900220928024,0
2023-12-21,-0.0014713946401116464,-1.0701330152190232,-0.9574223563010236,-1.2121160609427035,-1.0274741824335054,0
2023-12-22,-0.006264018005151835,-1.0650627884262582,-0.9893091579849985,-1.2228527486956082,-1.1385805894627252,0
2023-12-26,-0.0035460965308884004,-1.1280182583085552,-1.13513786576925,-1.2174538507036095,-1.1457487392419596,0
2023-12-27,-0.00018338306343113596,-1.3105988091015992,-1.2078992221379887,-1.220408132977364,-1.246102836151242,0
2023-12-28,0.0015228137791717788,-1.4924752510588823,-1.625420903469668,-1.2400651629319477,-1.2389346863720077,0
2023-12-29,-0.006139836476420412,-1.4323498462190423,-1.629801498756378,-1.2219715913878362,-1.2425188467127106,0
2024-01-02,-0.03714408734502258,0.11832195212126391,-0.5993426235889748,-0.6792321982354419,-1.1081159101754359,0
2024-01-03,-0.008216831616621716,0.08445854444172904,-0.6020791779446052,-0.6899757855962869,-0.9575845939093408,0
2024-01-04,-0.013482662990011671,-0.03902251166060023,-0.6911485720594358,-0.8571977259552382,-0.9414562141805204,0
2024-01-05,-0.004722160232800061,-0.2012790679284904,-0.6890464949207077,-0.8597597021317738,-1.0812352203266782,0
2024-01-08,0.023186132125602842,0.8187207784362409,-0.12438388767051121,-0.6466977080692723,-1.1296203595131393,2
2024-01-09,-0.002967135465917863,-0.09633775122240473,-0.12168758747285749,-0.683788801367259,-1.186965557747015,2
2024-01-10,0.004954498182926694,-0.14624913154377633,-0.06960846623171625,-0.7033188408138401,-1.199509948037304,2
2024-01-11,-0.00392891908560709,-0.40315111660287384,-0.07983484958494716,-0.7416744028142754,-1.244310926883062,2
2024-01-12,0.001075385268324217,-0.49347649631507756,-0.08284232953793434,-0.884567630707733,-1.1977178678669524,2
2024-01-16,-0.01309457606492383,-1.027903339120158,-0.047873888734888036,-0.8587474675550003,-0.9934253428055131,2
2024-01-17,-0.005888219036789618,-1.0100007395935098,-0.7659821822134765,-0.8585397839881596,-0.8231816573720661,2
2024-01-18,0.03135044761579848,0.2769323717062758,-0.13861000803985687,-0.4154802052877414,-0.9414562141805204,2
2024-01-19,0.014712321475233759,0.33098556759115266,-0.2189981808308121,-0.3350936526101626,-1.090195450276264,2
2024-01-22,0.011388905128899217,0.3231490749729722,-0.2564763829635519,-0.3131849086583446,-1.1099079903457874,2
2024-01-23,0.005930172423349239,-0.17756625289618633,-0.46138913883529886,-0.29889917373516967,-1.2245983868135388,2
2024-01-24,-0.0041911066356407995,-0.24387787248754747,-0.44853124946387024,-0.3051926297972579,-1.118868049393202,2
2024-01-25,-0.0023993435279481396,-0.8359463352830044,-0.42340276361179513,-0.3070688331739356,-1.0633149313296777,2
2024-01-26,-0.009754649261914158,-0.8211133632317885,-0.34800992075411097,-0.28049732974198827,-1.0973636000554985,2
2024-01-29,-0.004293372285895304,-1.162248742223111,-0.31934140565178637,-0.2791978213948084,-1.0364342414809198,2
2024-01-30,-0.02013461686181144,-0.9669660466086308,-0.16178860086541935,-0.17741703950156285,-1.0884033701059126,2
2024-01-31,-0.020248448938823337,-0.810717300730973,0.06026603246887617,-0.4773075533012408,-0.9020313049436451,2
2024-02-01,0.012551185556933001,-0.1798709031862073,-0.43915720833163985,-0.4389592226283091,-0.9862571930262786,0
2024-02-02,-0.006120884738691187,-0.17924668140336172,-0.6423340154720782,-0.48967522551140086,-0.9916332626351616,0
2024-02-05,0.009097343663811167,0.07009757858750382,-0.6907382000405144,-0.4755357364587895,-1.0238900220928024,0
2024-02-06,0.007893675599452966,-0.16578731576836786,-0.658870311392583,-0.6387502518954761,-1.1332043489516708,0
2024-02-07,-0.00012012608285721861,-0.921524548154642,-0.6503770188598456,-0.6428093482542683,-1.1744213383588975,0
2024-02-08,-0.006472545498943186,-0.9436989860729394,-0.6450638990559481,-0.6350398178776021,-1.181589488138132,0
2024-02-09,0.003384403572197223,-1.0802238289266106,-0.646657079342718,-0.6367963271638156,-1.1565008784597257,0
2024-02-12,-0.009743506550776855,-0.9763236702485661,-0.6122601418918084,-0.6024565045695065,-0.9772969630766927,0
2024-02-13,-0.012039720451241317,-1.0610447548517161,-0.7789879138504314,-0.6119757928761071,-0.6332254318690956,0
2024-02-14,-0.005522488518738341,-1.134875228110403,-1.0772289363769745,-0.6134461154200825,-0.8966552353347621,0
2024-02-15,-0.0022772042334017546,-1.1069431661354079,-1.286911350826146,-1.0420681202915867,-0.9629606635182237,0
2024-02-16,-0.009167066830066316,-1.389482129839908,-1.2495667715061696,-1.161703865559442,-0.9217438450131685,0
2024-02-20,-0.004823648396771447,-1.390500408906715,-1.4333288586459938,-1.273769635560205,-0.7102831701724946,0
2024-02-21,0.0034762408800323883,-1.2848761259259212,-1.5593332938333415,-1.296397932544726,-0.7246194697309636,0
2024-02-22,0.010480025103205256,-0.9177660356315744,-1.3014139156428008,-1.1928915155203628,-0.8679826362178243,0
2024-02-23,-0.010785874295578273,-0.7513149721878881,-1.2497548977624995,-1.1673143981056056,-1.0095537225343334,0
2024-02-26,-0.008180271727607403,-0.7741744762201432,-1.3004209987092834,-1.1755187120350181,-1.0113458027046849,0
2024-02-27,0.007380428090009714,-0.6898948728553894,-1.1909170399468103,-1.1197806223643936,-1.0668989207682091,0
2024-02-28,-0.0073484610224016905,-0.6435360946272214,-1.261847822643513,-1.2602056838628501,-0.9934253428055131,0
2024-02-29,-0.004401159817643428,-0.9835348454768816,-1.2679020906820913,-1.4411179220236616,-1.0722751612792636,0
2024-03-01,-0.006749640021590329,-1.067100897976443,-1.250200695476892,-1.5609664469349778,-1.1242442899042564,0
2024-03-04,-0.02641010322085718,-0.3574047939618372,-0.7956974334130188,-1.2529745665950816,-1.0561467815504433,0
2024-03-05,-0.02955440297933551,-0.3680820425051021,-0.39619314340442774,-1.0406231187683301,-0.8823189357762932,0
2024-03-06,-0.006596641909440662,-0.3529195337469508,-0.4781491322528091,-1.1298154837215066,-0.8751507859970588,0
2024-03-07,-0.0014109683497095659,-0.26710330532594845,-0.7062256823918742,-1.1367186498460125,-0.8859030961169962,0
2024-03-08,0.009483475713903152,0.20816906234398955,-0.48056554526620193,-1.0255210696680988,-0.832141887321652,0
2024-03-11,0.01106124610784113,0.17119344667811082,-0.2860432954207187,-0.9400475585172268,-0.746123919068667,0
2024-03-12,0.002073608128372368,-0.9466094750364532,-0.3552018864623772,-0.9295832705305286,-0.9934253428055131,0
2024-03-13,-0.012897855762882427,-0.6693384496323888,-0.3282014273676072,-0.9237716478541627,-1.0095537225343334,0
2024-03-14,0.010167002027163079,-0.6123685012908324,-0.1753113450209055,-0.8377244382043268,-0.8930712458962307,0
2024-03-15,-0.002900232246953465,-0.6336634104266915,-0.17501525609111004,-0.8383639745170061,-0.8912791657258792,0
2024-03-18,0.005651117763163751,-0.7664142289062433,-0.46634660761744573,-0.8174741552823727,-0.9056154652843481,0
2024-03-19,0.012792597262689004,-0.56143310926411,-1.0754346885147943,-0.7243933416669047,-0.9970095031462161,0
2024-03-20,0.013900821445792839,-1.01792195566563,-1.0800931575787749,-0.6398807861938761,-1.1367885092923737,0
2024-03-21,-0.04241663681789227,1.027055366124382,0.24385746220936727,-0.17881475416897608,-1.1582929586300772,2
2024-03-22,0.0045950161145057134,1.0539526036002536,0.21212305458163322,-0.17053285837872525,-1.1332043489516708,2
2024-03-25,-0.009036032465013999,1.0369173243821337,0.17573043558788004,-0.16791233504646316,-1.1099079903457874,2
2024-03-26,-0.00739605491487311,0.7907449705455943,0.1793505208379963,-0.2042849129487944,-1.1009477603962015,2
2024-03-27,0.02028956454845013,1.010164515902781,0.3342015036323622,-0.035597135378052265,-1.1833815683084834,2
2024-03-28,-0.011316415028663044,-0.2266456704704782,0.33552757750292933,-0.01671799328919223,-1.1421645789012567,2
2024-04-01,-0.009192828519886615,-0.2153762170079666,0.36010292381765596,-0.01024989894141819,-1.0274741824335054,2
2024-04-02,-0.007724413426919283,-0.23139039007193793,0.3368752614846231,-0.16661985179033195,-0.8554384168297069,2
2024-04-03,0.004084699361885877,-0.22422107237851896,0.2326041092155916,-0.40495053544232973,-0.9056154652843481,2
2024-04-04,-0.005605432509070898,-1.1236112733233659,0.04268271444020293,-0.40847798715719197,-0.5436234741775792,2
2024-04-05,0.003790595541031414,-1.0721569675750187,-0.880564848469863,-0.40200510450301197,-0.6009686724114548,2
2024-04-08,-0.007386933179453659,-1.122441468153112,-0.9002941783614964,-0.4247806274691495,-0.7515001595797215,2
2024-04-09,0.006515315845673209,-1.0835297535511978,-0.8758763752027651,-0.45667760694119036,-0.7891329886462453,2
2024-04-10,-0.011902957863609873,-0.9004324332185675,-0.8152590912373155,-0.4283614370972597,-0.6421856618186816,2
2024-04-11,0.04165977243026096,0.7546775220098453,0.05613611124188966,0.08411082035332489,-0.8016772080343627,2
2024-04-12,0.007888734112742563,0.7479736470114503,-0.004684726563785026,0.07306654764694712,-0.3715878794759521,2
2024-04-15,-0.02280742998631459,1.1886834593086082,0.24072866434266488,0.2112773994460762,-0.027516348268355105,2
2024-04-16,-0.020054410416043913,1.4592163126150643,0.40616363044223736,0.29112097965961287,-0.17625558436409874,2
2024-04-17,-0.008881814544865453,1.4250664515964306,0.4224707093958087,0.24024284943252233,-0.21030442399209107,2
2024-04-18,-0.00643196792435034,-0.34477728746161845,0.4257248243084589,0.16056785307730684,-0.24793708215644333,2
2024-04-19,-0.012988698679958558,-0.991753804669852,0.45625875280420786,-0.25974263019176747,-0.12070246630057457,2
2024-04-22,0.0043767309265858294,-0.749044129858092,0.4705565480076905,-0.2607240899168899,-0.4378931367572423,2
2024-04-23,0.005670337950615572,-0.8389175640923215,0.464156762076819,-0.2555450702993927,-0.661898201888205,2
2024-04-24,0.011921192993376017,-0.6201163910900953,0.4891094102956267,-0.2112710733625898,-0.6117209825313923,2
2024-04-25,0.004432687207830955,-0.7109900786950011,-0.5157903429690227,-0.34983260119585197,-0.7192434001220807,2
2024-04-26,-0.00417969970825224,-1.1541291169750634,-0.6209793106829429,-0.3792415593445924,-0.7801727586966593,2
2024-04-29,0.023803847162303868,-0.5760396089838932,-0.42358768389958606,-0.213148603959052,-0.8446861067097694,2
2024-04-30,-0.019140740509037805,0.1541926580546874,-0.447016752844795,-0.11915014545187899,-0.6690663516674394,2
2024-05-01,-0.0067664559811607934,0.11517812497471355,-0.4690392005035794,-0.11388556057544279,-0.7156592397813777,2
2024-05-02,0.02109157127019187,0.4587655243216443,-0.2624874727787327,0.009515747576308046,-0.8428940265394179,2
2024-05-03,0.05739449308515832,1.8418536522102849,0.8165769561303377,0.7858825208027396,-1.0561467815504433,2
2024-05-06,-0.009849789702887522,2.0115088443806877,0.9496332205325249,0.798894732648451,-1.0561467815504433,2
2024-05-07,0.00308885121990731,1.5687123317091758,0.957445785576187,0.7961291882480724,-1.102739840566553,2
2024-05-08,0.0011612725719320738,1.4170245329281261,0.9665423834283249,0.7452988499699248,-1.1439566590716082,2
2024-05-09,0.009263256505576854,1.3920405725545701,0.9646992544464901,0.3932739322233806,-1.199509948037304,2
2024-05-10,-0.007615085274382468,-0.8871770395168198,0.9996249764221289,0.4044119901245622,-1.2245983868135388,2
2024-05-13,0.016790419716992532,-0.7315179514294202,0.9274278310282543,0.29962878741660615,-1.0364342414809198,2
2024-05-14,0.005453345238761,-0.7355807555734545,0.6354793441549057,0.148786379581096,-1.0686910009385606,2
2024-05-15,0.011442876847305598,-0.7263567628152225,0.5156590614769936,0.1078643465244252,-1.2425188467127106,2
2024-05-16,-6.889154886905412e-05,-0.6786848521197475,0.5016022261650338,0.07645674686463536,-1.2478949163215936,2
2024-05-17,-0.0005430618060277002,-0.936760925961778,-1.1265162342489055,-0.014543110818548735,-1.3249526546249928,2
2024-05-20,0.005441997047477686,-1.2582676757109614,-1.3270508598911863,-0.015470171802366147,-1.296280055508055,2
2024-05-21,0.006132882334939407,-1.252342379709942,-1.326923211228491,-0.01561732650352032,-1.3482491841330475,2
2024-05-22,-0.008268020614567611,-1.1469779080147362,-1.159914507563007,0.0322587120521318,-1.2711914458296485,2
2024-05-23,-0.021984220662249573,-0.41481307962276537,-0.6858232488241074,0.22942021076064126,-1.1851734775766636,2
2024-05-24,0.01575096457481147,-0.03719544308216155,-0.6088456610908971,0.2416459910455291,-1.3357047938427586,2
2024-05-28,-0.0006484946425102781,-0.08409880792387127,-0.7657872714183241,0.1487229387061038,-1.1582929586300772,2
2024-05-29,0.0008768179868849799,-0.15201165198554525,-0.7813301986047768,-0.003357960519365382,-0.914575695233934,2
2024-05-30,0.0045400031358528445,-0.16042788903548172,-0.8671194555976198,-0.04473898488463104,-0.8805268556059417,2
2024-05-31,0.004305171942433743,-1.068665950982178,-0.8539760474534905,-0.12086701246611907,-1.1582929586300772,2
2024-06-03,0.0085147748913852,-1.4244377044931096,-0.8092844709779025,-1.2105278301113551,-1.1242442899042564,0
2024-06-04,0.0009467944497186159,-1.476591295182082,-0.8237150676112787,-1.2879041249293488,-1.1152840599546703,0
2024-06-05,0.007089469795713787,-1.506915057211078,-0.8149775041692127,-1.2783190066694747,-1.2102620872550698,0
2024-06-06,-0.007822969254549162,-1.0584561372918797,-0.821701203610441,-1.2220516955438137,-1.2192223172046557,0
2024-06-07,0.011614796540425205,-0.9103355373670043,-1.358986990374335,-1.203227070290852,-1.2837356652177658,0
2024-06-10,-0.020034732051302045,-0.2995412049671622,-0.98766629464703,-1.0129378040359074,-1.190549718087718,0
2024-06-11,0.06943044515516118,2.4191626705999214,1.186450868925244,0.35408203332756943,-1.1708371780181945,2
2024-06-12,0.027476556429083806,2.4775597058541976,1.2790915519838093,0.47890722959683285,-1.3159924246754067,2
2024-06-13,0.004774935177599854,2.2594656961566324,1.2781088909318448,0.47048187971364513,-1.3339128845745787,2
2024-06-14,-0.008903136930263351,2.5435124572117327,1.3901227307453898,0.5122131249949817,-1.2048860176461869,2
2024-06-17,0.018779497685337466,1.8368016150469502,1.4167674910216175,0.5468462101440351,-1.1887576379173665,2
2024-06-18,-0.01174641596283832,0.2547612977897931,1.5442365142912708,0.6175200424599958,-1.269399365659297,2
2024-06-20,-0.02244892672828935,0.12012087062818783,1.8289654526122376,0.7819647155014936,-1.093779610616967,2
2024-06-21,-0.01120033590636452,0.04735308649539094,1.8606828376307676,0.7994475921226514,-1.1081159101754359,2
2024-06-24,0.002426803380825143,0.10901586016055287,1.8511834177570294,0.6445729065464231,-1.0848193806673812,2
2024-06-25,0.003756857053284766,-0.5048534282002776,1.6412204923299436,0.6142969879438739,-1.172629258188546,2
2024-06-26,0.01909495910581292,0.10026738952499958,0.05885475829470292,0.657328278210969,-1.2245983868135388,2
2024-06-27,0.0032769931890376204,-0.5325696234613322,-0.34050148557676047,0.6539042294824464,-1.2801516757792344,2
2024-06-28,-0.01708883675097084,-0.2678498725554609,-0.2111788334324062,0.7625583226423037,-1.244310926883062,2
2024-07-01,0.027987984927327708,0.2797614615164908,0.19263202819402345,0.883205057211848,-1.2837356652177658,2
2024-07-02,0.015408369903146401,0.3009350881199824,0.1382823436627922,0.9027551883863951,-1.3177845048457582,2
2024-07-03,0.005093114562609094,0.20475691744111213,0.04883940648096632,0.8978304962038895,-1.3070321947258208,2
2024-07-05,0.02068872084125329,0.3097501026197819,-0.22517828506270443,0.9432344220590855,-1.2371427771038277,2
2024-07-08,0.0058165401220749025,-0.6491827877384814,-0.44962769105028144,0.8966741590532323,-1.2568551462711797,2
2024-07-09,0.0030667013835881003,-0.9181476082784815,-0.45468583919551203,0.895389947932637,-1.2317665365927732,2
2024-07-10,0.01792785687574575,-0.8544992803569106,-0.42794995457961993,0.7468337771015946,-1.1708371780181945,2
2024-07-11,-0.024195847641107875,0.3498004124661841,0.09964980111277111,-0.03133858604722059,-1.1582929586300772,2
2024-07-12,0.012265380540398623,0.1548740813303152,0.11379426905862246,-0.17919395568746013,-1.2407267665423591,2
2024-07-15,0.015903535943891406,0.2836611493297366,-0.21114572949889412,-0.1329168546487158,-1.122452209733905,2
2024-07-16,0.0010890747946874662,0.29332244053544526,-0.4076174826468042,-0.1813732133398669,-1.1099079903457874,2
2024-07-17,-0.026322458939801452,0.6160652736847669,0.10581593717420104,0.004648620485225908,-0.8787349463377617,2
2024-07-18,-0.02144988558745717,0.5339529808538005,0.3660049378543869,0.10543291839972148,-0.6188891323106267,2
2024-07-19,-0.00012113463229275815,0.3026576129465935,0.1461239230918844,-0.06556814318159171,-0.5131587948902898,2
2024-07-22,-0.002262674495059344,-0.24777154973931398,0.11485651459632716,-0.11675923986225918,-0.8016772080343627,2
2024-07-23,0.003976192847928278,-0.16653813275213367,0.12036136118182951,-0.11671767652079282,-0.8357258767601835,2
2024-07-24,-0.029876954859029487,-0.02275330551716816,0.1817402665249782,0.17850157897816812,-0.2407687614750374,2
2024-07-25,-0.005517234371042714,-0.20325703692712785,0.013455852802769128,0.09897263928995081,-0.1655034451463328,2
2024-07-26,0.001457635981868573,-0.1767442023105925,-0.13785728479358464,0.09681737190979452,-0.5364554953005162,2
2024-07-29,0.0005827116583843895,-0.14240272551256072,-0.4252198990128229,0.008064054016704274,-0.49882249533182094,2
2024-07-30,0.0018613944607898452,-0.1857231318297593,-0.4158217689133222,-0.21854818972991996,-0.30349020021996753,1
2024-07-31,0.014178535369863644,-0.9755807933859958,-0.43336980108659423,-0.2301323099152084,-0.5418313940072277,1
2024-08-01,-0.017593722438269496,-0.4538070081785792,-0.5165667899091868,-0.1545433780294717,-0.14220674473610645,1
2024-08-02,0.006144802632377561,-0.41284669715696665,-0.465179584406191,-0.29288579993085634,0.7179719123807147,1
2024-08-05,-0.05006688779159421,1.333632913257445,0.5932920525266913,0.30354798038966696,3.43828740258385,3
2024-08-06,-0.010497035490597082,1.2423461837970053,0.5307769119141453,0.2924538712803868,1.4921327721467221,3
2024-08-07,0.011719652574926052,1.1655073972943488,0.4479143586692577,0.22502639464234994,1.5172215527273,3
2024-08-08,0.015795371423950582,1.4826429861558548,0.6142336276733427,0.24067807387534856,0.7896537519774022,3
2024-08-09,0.012941253481030111,1.5928458707031066,0.7041489648233878,0.24659373959822217,0.17677634769525571,2
2024-08-12,0.0064035326651784245,-0.5611724099176728,0.7268215459845795,0.16871100904141131,0.23770536446549137,2
2024-08-13,0.016345905860922907,-1.3726950057262375,0.8361221962512903,0.2722491052715348,-0.22643246191656846,2
2024-08-14,0.0013304947426650512,-1.0594196796020714,0.7544601873108592,0.1300517018377469,-0.572296073294517,2
2024-08-15,0.012738742864058987,-1.1204216957618218,0.6739984657784971,0.07349153447663964,-0.744332009800487,2
2024-08-16,0.0051999964168323795,-1.1161335236649987,0.6712691935424142,0.08222293587031236,-0.8213895772017146,2
2024-08-19,-0.0014092586156898195,-0.9323149226052325,-1.0683883521121469,0.08145893817562234,-0.8482702670504724,2
2024-08-20,0.002039805960803135,-1.1924591217645788,-1.4041892544439125,0.07791360845941131,-0.6278493622602127,2
2024-08-21,-0.0011868535721902783,-1.1416100560230453,-1.32572587387988,-0.19072250032784635,-0.5579597737360481,2
2024-08-22,-0.008995226542646687,-1.2107919365043862,-1.1904580550353494,-0.17296889835301402,-0.3285789808005454,2
2024-08-23,0.009534528134706339,-1.0349746665869355,-1.2421575838689973,-0.15152875440717117,-0.6314335226009157,2
2024-08-26,0.000796588767362464,-1.0403615416965057,-1.2381126392917206,-0.1516158362766335,-0.579464393975923,2
2024-08-27,0.003033530915245099,-1.0311142277149141,-1.4613309436515007,-0.15086407570798185,-0.7084910900021432,2
2024-08-28,-0.007477577004199115,-0.9130782028228879,-1.3466067464303493,-0.18359710238513421,-0.40742845746995293,2
2024-08-29,0.013763959711940069,-0.8478929875821888,-1.316988952185177,-0.24296108422716656,-0.6690663516674394,2
2024-08-30,-0.0041449653575516025,-0.8548013116586423,-1.3049558208435064,-0.23874555118627497,-0.7855488283055423,2
2024-09-03,-0.02828332614789542,0.06537971871743356,-0.6183285076193492,-0.8830091779205239,0.23949744463584285,1
2024-09-04,-0.009357209228483244,-0.002867282959402669,-0.6018340361909863,-0.8949517244898031,0.34701986222653125,1
2024-09-05,0.0062027579794707065,0.13673971332470672,-0.5453882342971806,-0.9257800241883302,0.0925502887104507,1
2024-09-06,-0.00774078526093974,-0.308818595407508,-0.5558503015556222,-0.9739411887229809,0.5369759168273301,1
2024-09-09,-0.00029350996094259867,-0.25184205915977603,-0.6625086786669533,-1.0400845107988554,0.011908731870691669,1
2024-09-10,-0.004329292670419897,-1.0896783557316665,-0.6766783334097464,-1.0487456606104677,-0.054396867214941455,0
2024-09-11,0.010817446463869562,-0.9247868237695378,-0.5586591960990279,-1.120471335188235,-0.30349020021996753,0
2024-09-12,-0.0002072224209756292,-0.9989788381027654,-0.5702001056065166,-1.121927445054226,-0.41459677815135887,0
2024-09-13,-0.0019137997770206938,-1.1421658268770574,-0.7847305416513155,-1.2120489900939035,-0.5059908160132268,0
2024-09-16,-0.02886938339977391,-0.050410196809187555,-0.3833873539513529,-0.9040791450918092,-0.4020525587632415,0
2024-09-17,0.0014691347006139405,-0.015014002504408206,-0.7407035879517276,-0.8971048482417078,-0.31782649977843647,0
2024-09-18,0.017128737842452228,0.19823839555463,-0.5087040076755884,-0.7500467982453627,-0.20672026365138807,0
2024-09-19,0.035694024287225436,1.115063056279179,0.18308877154273293,-0.2739720333249262,-0.5472076345182821,2
2024-09-20,-0.003632845459583227,1.1313342597881564,0.14966143117097383,-0.29557932866286263,-0.579464393975923,2
2024-09-23,-0.00831101927211427,0.3704358348891276,0.20193129168862517,-0.30649205864180723,-0.6260572820898612,2
2024-09-24,0.003265105599220655,0.3508120797991495,0.1814810582679262,-0.30210611223045447,-0.7156592397813777,2
2024-09-25,-0.005108979781283216,0.37381414028868604,0.16374955556032528,-0.30118785886981203,-0.7120752503428462,2
2024-09-26,0.004366189573166208,-1.1858668046632168,0.1678993914387259,-0.3071931418956973,-0.7192434001220807,2
2024-09-27,0.0004848261521030224,-1.1882427036890058,0.16247005695366537,-0.3762192983059191,-0.43430931822088226,2
2024-09-30,0.021913119393652716,-0.604930696321161,-0.267107173752702,-0.21898073176049473,-0.4755261367259375,2
2024-10-01,-0.0302756057058332,0.4836994271870496,0.3860683009509489,-0.18267081669123297,-0.022140107757300638,2
2024-10-02,0.0018154541111234383,0.4766681313374061,0.28932660033325375,-0.21113600361271181,-0.08665362667258227,2
2024-10-03,-0.005607712845396335,0.46483451710685286,-0.39903928827829427,-0.2109085954398373,0.1982806261307876,1
2024-10-04,0.004293677680482941,0.49215730669171986,-0.3781454795187635,-0.22636747449407163,-0.031100508609058084,1
2024-10-07,-0.023489692828456518,0.05458073501257486,-0.12488659709808463,-0.058317732434516954,0.5835689758434399,1
2024-10-08,0.017535676710334146,0.005933042581755649,0.07019481182339535,0.025019119418834865,0.36494032212570315,1
2024-10-09,0.015859402607810946,0.23903367555074145,0.19314290582729435,0.06116453339526157,0.2645862252164207,1
2024-10-10,-0.0028818852394492146,0.20752931881499626,0.1901387169555499,0.06462558958498778,0.2771304446045382,1
2024-10-11,-0.007227542254867457,0.26228220856624795,0.21277759061364662,0.07990840923927718,0.19290438561973314,1
2024-10-14,0.015644374577249147,-0.3937688953823378,0.08612029843589093,-0.1307566256038688,0.05670971071644991,1
2024-10-15,0.010263169391365245,-0.5309213012838266,-0.4117051236637221,-0.11487645014776682,0.22516114507737395,1
2024-10-16,-0.009592479521709166,-0.4836007059197135,-0.3251824501329454,-0.1366127524403848,0.03520509047657504,1
2024-10-17,0.0008940741671281048,-0.5114961105731934,-0.35929415289720196,-0.532675769397515,-0.04902062670388698,1
2024-10-18,0.01150067436562958,-0.6075921196766577,-0.310346046231515,-0.49487259580118825,-0.24256084164538888,1
2024-10-21,0.0055769652106546575,-0.8048669220247532,-0.8625132128587302,-0.5190814524745665,-0.18163148307081023,1
2024-10-22,-0.0033263297890211044,-0.8607556616367422,-0.9494762672801588,-0.512911166484387,-0.21209616235809955,1
2024-10-23,-0.022561391569359913,-0.25503396390658334,-0.6325044835744232,-0.34075008321748224,-0.025724268098003617,1
2024-10-24,-0.0015247190288873065,-0.2638324167819923,-0.6367005560524995,-0.3458066523687312,-0.054396867214941455,1
2024-10-25,0.0029354381960844072,-0.4895656476375108,-0.6763835234547475,-0.3430984591545437,0.16960802701384978,1
2024-10-28,0.007861525855116113,-0.4251066071704767,-0.8128845700056576,-0.4869181890155825,0.0746298288112788,1
2024-10-29,0.00045509788287507395,-0.4098580746310953,-0.9065154906196898,-0.835480518420985,-0.007803808198831719,1
2024-10-30,-0.016097008284060712,-0.7481718227381,-0.7788360604595033,-0.7267060309533454,0.17319218735455275,1
2024-10-31,-0.01907843313109184,-0.3702168718945522,-0.5778191036108691,-0.6044139142981174,0.6767550938756594,1
2024-11-01,-0.014069704696939717,-0.411170661897549,-0.7071414051014131,-0.5540553937115603,0.4473739591358137,1
2024-11-04,-0.0047467864484818266,-0.8446979344928708,-0.820647415625544,-0.7364656290652601,0.4652944190349856,1
2024-11-05,0.005763998483726716,-0.6055695349936618,-0.7081573090148084,-0.8553761962583973,0.1982806261307876,1
2024-11-06,-0.003973387462829377,-0.6666598318627701,-0.9580150102411426,-0.9854179610329448,-0.5579597737360481,0
2024-11-07,0.02044593344195123,-0.23891815013123846,-0.5236810821337217,-0.7814798468635351,-0.74970807940937,0
2024-11-08,-0.001890098118632839,-0.5561124234954996,-0.5425739725860846,-0.7970777383673457,-0.7963011384254797,0
2024-11-11,-0.012802647042986639,-0.31447972006800345,-0.5745081695365236,-0.8647148349825907,-0.7909248979144252,0
2024-11-12,-0.0007011164426315417,-0.3416382061483204,-0.58198423161605,-0.932037468151372,-0.837517956930535,0
2024-11-13,0.0032601793613864357,-0.3656235797130594,-0.6574667284534195,-0.9402616703000193,-0.9611685833478723,0
2024-11-14,0.012975442475719377,-0.7092829160547781,-0.7495898785630739,-0.8510387616843476,-0.9091994547228796,0
2024-11-15,-0.014910821480946336,-0.4271947426894921,-0.7299879717644715,-0.8609915090506237,-0.5812564741462745,0
2024-11-18,0.012631841264500366,-0.44046312613275357,-0.657644543298854,-0.7933510994781887,-0.6816105710555569,0
2024-11-19,0.0004384446694652174,-0.4494514987911174,-0.6679052635106374,-0.7905449462913218,-0.5436234741775792,0
2024-11-20,0.0024479443126048596,-0.44957635813798186,-0.6934543714593308,-0.9666087446733437,-0.3984683984225385,0
2024-11-21,-0.002799410470534735,-0.6314166221479802,-0.9969166888224055,-0.9653768141820606,-0.4504373561453597,0
2024-11-22,0.005189070207972835,-1.1417925530355935,-0.9782209693013656,-0.9553237452070641,-0.7425399296301355,0
2024-11-25,0.0122653439450386,-1.1594072461516942,-1.0780875555664757,-0.9137781433011757,-0.8572303260978869,0
2024-11-26,0.008659274869382356,-1.1496577336158245,-1.0701383777149691,-0.8783193368339719,-0.9468322837894033,0
2024-11-27,-0.0012543002590875508,-1.070480169178119,-1.0456721179061719,-0.9896726656788547,-0.9468322837894033,0
2024-11-29,0.009462981299118092,-1.222256517644198,-1.099762426266247,-1.1464918894084968,-1.0525626212097403,0
2024-12-02,0.0087762895423248,-1.2274507076600163,-1.5259324794450857,-1.2625141295209106,-1.0830273004970297,0
2024-12-03,0.011989874182392632,-1.2351114113982697,-1.5391145152552272,-1.2582970665628317,-1.090195450276264,0
2024-12-04,0.0007814038369549052,-1.144322959802185,-1.5443003836887517,-1.2562117975290557,-1.0633149313296777,0
2024-12-05,-0.0005777302068451648,-1.169881645936991,-1.5036777576099607,-1.277260567898638,-1.0471865516008572,0
2024-12-06,-0.0015242533211663823,-1.1103453934461842,-1.5321329763711289,-1.4309292790138735,-1.1851734775766636,0
2024-12-09,0.0152717975380484,-0.8929566747524842,-1.4081073548519136,-1.3594337418313849,-0.9307040749627544,0
2024-12-10,0.0034239708161836876,-1.0155263624390602,-1.4536861792258216,-1.5240480281650348,-0.9324959842309344,0
2024-12-11,-0.005880607154628604,-0.8663590616582136,-1.325835928134222,-1.4763402630663622,-1.0400184018216228,0
2024-12-12,0.005245098703734062,-0.8752092375847045,-1.3642249946777605,-1.4759266536344533,-0.9790890432470442,0
2024-12-13,-1.5809695510822204e-05,-0.9004164912588921,-1.3763149791957057,-1.5187734987781298,-0.998801412414396,0
2024-12-16,0.010958201474561606,-1.0907414895850025,-1.343255463013234,-1.7348854351460348,-0.841102117271238,0
2024-12-17,0.008971596221430622,-1.014407149457353,-1.3944299551102164,-1.769171393722423,-0.6296414424305642,0
2024-12-18,-0.022355666000227165,-0.1907524681058412,-0.7821516105671393,-1.3304521710131354,1.4760047342222449,1
2024-12-19,0.00628916726802219,-0.17848817732978056,-0.7693831928809859,-1.3270068253559,0.8434147898705749,1
2024-12-20,0.017939860092572087,0.06715641965297414,-0.6153789661306073,-1.2517708762662172,-0.1834235632411617,0
2024-12-23,0.002359222441787904,0.011979376874742141,-0.7215467435523598,-1.2493157061612838,-0.4665657358741801,0
2024-12-24,0.010711372114120304,0.03701670844540754,-0.6768715087637645,-1.260618823295645,-0.9163676045021141,0
2024-12-26,0.002469663900745809,-1.053559791916075,-0.7482321312988285,-1.2687724314205138,-0.8339339674920035,0
2024-12-27,-0.014031681650796638,-0.382930056541957,-0.5295511230224409,-1.1217956181637136,-0.6153051428720953,0
2024-12-30,-0.01405326707783417,-0.49150043174445107,-0.3677958075857553,-1.0079453075118572,-0.35545949974713176,0
2024-12-31,-0.0077840547494822405,-0.5148528661156339,-0.406413135934857,-0.98684223465349,-0.3644195587945462,0
